rowid,autonumber,createdat,createdby,updatedat,updatedby,field_id,title,field_type,created_at
row3bwnx05s5,6,2026-06-18T05:15:04.721Z,"{""id"": ""SocketKey_21295_id4cvu""}",,,7acab85b-c021-4a36-8167-8711f1bc3860,Mother's Contact Number,Text,
rowui9tjmpi4,7,2026-06-18T05:16:51.080Z,"{""id"": ""SocketKey_21295_id4cvu""}",,,7acab85b-c021-4a36-8167-8711f1bc3860,Mother's Contact Number,Text,
row5ah6wl2nk,8,2026-06-18T05:16:51.949Z,"{""id"": ""SocketKey_21295_id4cvu""}",,,7acab85b-c021-4a36-8167-8711f1bc3860,Mother's Contact Number,Text,
rowe7alrifr2,9,2026-06-18T05:16:52.284Z,"{""id"": ""SocketKey_21295_id4cvu""}",,,7acab85b-c021-4a36-8167-8711f1bc3860,Mother's Contact Number,Text,
rowe6dhh42zd,10,2026-06-18T05:16:52.988Z,"{""id"": ""SocketKey_21295_id4cvu""}",,,7acab85b-c021-4a36-8167-8711f1bc3860,Mother's Contact Number,Text,
rownp7hmuftg,11,2026-06-18T05:16:53.685Z,"{""id"": ""SocketKey_21295_id4cvu""}",,,7acab85b-c021-4a36-8167-8711f1bc3860,Mother's Contact Number,Text,
rowpo1grkh52,12,2026-06-18T05:16:53.992Z,"{""id"": ""SocketKey_21295_id4cvu""}",,,7acab85b-c021-4a36-8167-8711f1bc3860,Mother's Contact Number,Text,
rowfhhjq57nz,13,2026-06-18T05:16:54.407Z,"{""id"": ""SocketKey_21295_id4cvu""}",,,7acab85b-c021-4a36-8167-8711f1bc3860,Mother's Contact Number,Text,
rowljeif0le3,14,2026-06-18T05:16:55.350Z,"{""id"": ""SocketKey_21295_id4cvu""}",,,7acab85b-c021-4a36-8167-8711f1bc3860,Mother's Contact Number,Text,
row48m6rjxi7,15,2026-06-18T05:16:55.602Z,"{""id"": ""SocketKey_21295_id4cvu""}",,,7acab85b-c021-4a36-8167-8711f1bc3860,Mother's Contact Number,Text,
rowur4et1viy,16,2026-06-18T05:16:55.687Z,"{""id"": ""SocketKey_21295_id4cvu""}",,,7acab85b-c021-4a36-8167-8711f1bc3860,Mother's Contact Number,Text,
rowq4k3n7f41,17,2026-06-18T05:16:56.021Z,"{""id"": ""SocketKey_21295_id4cvu""}",,,7acab85b-c021-4a36-8167-8711f1bc3860,Mother's Contact Number,Text,
row7hsxkxt0y,18,2026-06-18T05:16:56.593Z,"{""id"": ""SocketKey_21295_id4cvu""}",,,7acab85b-c021-4a36-8167-8711f1bc3860,Mother's Contact Number,Text,
row8axh3zada,19,2026-06-18T05:16:56.849Z,"{""id"": ""SocketKey_21295_id4cvu""}",,,7acab85b-c021-4a36-8167-8711f1bc3860,Mother's Contact Number,Text,
rowyex9838um,20,2026-06-18T05:16:57.227Z,"{""id"": ""SocketKey_21295_id4cvu""}",,,7acab85b-c021-4a36-8167-8711f1bc3860,Mother's Contact Number,Text,
rowlggmu2owf,21,2026-06-18T05:16:57.503Z,"{""id"": ""SocketKey_21295_id4cvu""}",,,7acab85b-c021-4a36-8167-8711f1bc3860,Mother's Contact Number,Text,
rown154iw627,22,2026-06-18T05:16:57.655Z,"{""id"": ""SocketKey_21295_id4cvu""}",,,7acab85b-c021-4a36-8167-8711f1bc3860,Mother's Contact Number,Text,
rowucx1fcu9g,23,2026-06-18T05:16:58.156Z,"{""id"": ""SocketKey_21295_id4cvu""}",,,7acab85b-c021-4a36-8167-8711f1bc3860,Mother's Contact Number,Text,
row6agg2bdpy,24,2026-06-18T05:16:58.598Z,"{""id"": ""SocketKey_21295_id4cvu""}",,,7acab85b-c021-4a36-8167-8711f1bc3860,Mother's Contact Number,Text,
rowln41zkpg6,25,2026-06-18T05:16:58.797Z,"{""id"": ""SocketKey_21295_id4cvu""}",,,7acab85b-c021-4a36-8167-8711f1bc3860,Mother's Contact Number,Text,
row17dfkezev,26,2026-06-18T05:16:59.204Z,"{""id"": ""SocketKey_21295_id4cvu""}",,,7acab85b-c021-4a36-8167-8711f1bc3860,Mother's Contact Number,Text,
rowqkqgyqfjs,27,2026-06-18T05:16:59.392Z,"{""id"": ""SocketKey_21295_id4cvu""}",,,7acab85b-c021-4a36-8167-8711f1bc3860,Mother's Contact Number,Text,
rowqbcfvuxjy,28,2026-06-18T05:16:59.627Z,"{""id"": ""SocketKey_21295_id4cvu""}",,,7acab85b-c021-4a36-8167-8711f1bc3860,Mother's Contact Number,Text,
rowufei90j9e,29,2026-06-18T05:16:59.970Z,"{""id"": ""SocketKey_21295_id4cvu""}",,,7acab85b-c021-4a36-8167-8711f1bc3860,Mother's Contact Number,Text,
row6l4d2ki63,30,2026-06-18T05:17:00.005Z,"{""id"": ""SocketKey_21295_id4cvu""}",,,7acab85b-c021-4a36-8167-8711f1bc3860,Mother's Contact Number,Text,
row2vp04a4we,31,2026-06-18T05:17:00.689Z,"{""id"": ""SocketKey_21295_id4cvu""}",,,7acab85b-c021-4a36-8167-8711f1bc3860,Mother's Contact Number,Text,
rowaq7jcmsk2,32,2026-06-18T05:17:00.743Z,"{""id"": ""SocketKey_21295_id4cvu""}",,,7acab85b-c021-4a36-8167-8711f1bc3860,Mother's Contact Number,Text,
rowg0g7m5ybm,33,2026-06-18T05:17:01.189Z,"{""id"": ""SocketKey_21295_id4cvu""}",,,7acab85b-c021-4a36-8167-8711f1bc3860,Mother's Contact Number,Text,
row1j93k81yt,34,2026-06-18T05:17:01.581Z,"{""id"": ""SocketKey_21295_id4cvu""}",,,7acab85b-c021-4a36-8167-8711f1bc3860,Mother's Contact Number,Text,
rowczuxcu8h5,35,2026-06-18T05:17:01.633Z,"{""id"": ""SocketKey_21295_id4cvu""}",,,7acab85b-c021-4a36-8167-8711f1bc3860,Mother's Contact Number,Text,
rowhw2ezbvbn,36,2026-06-18T05:17:01.886Z,"{""id"": ""SocketKey_21295_id4cvu""}",,,7acab85b-c021-4a36-8167-8711f1bc3860,Mother's Contact Number,Text,
rowdy58dtwuf,37,2026-06-18T05:17:02.194Z,"{""id"": ""SocketKey_21295_id4cvu""}",,,7acab85b-c021-4a36-8167-8711f1bc3860,Mother's Contact Number,Text,
row1zmrmwyks,38,2026-06-18T05:17:02.297Z,"{""id"": ""SocketKey_21295_id4cvu""}",,,7acab85b-c021-4a36-8167-8711f1bc3860,Mother's Contact Number,Text,
rowikh8hmtrs,39,2026-06-18T05:17:02.451Z,"{""id"": ""SocketKey_21295_id4cvu""}",,,7acab85b-c021-4a36-8167-8711f1bc3860,Mother's Contact Number,Text,
rowydp8eml8n,40,2026-06-18T05:17:02.520Z,"{""id"": ""SocketKey_21295_id4cvu""}",,,7acab85b-c021-4a36-8167-8711f1bc3860,Mother's Contact Number,Text,
rowmklpt8n6f,41,2026-06-18T05:17:02.858Z,"{""id"": ""SocketKey_21295_id4cvu""}",,,7acab85b-c021-4a36-8167-8711f1bc3860,Mother's Contact Number,Text,
rowrzctk6qnf,42,2026-06-18T05:17:03.280Z,"{""id"": ""SocketKey_21295_id4cvu""}",,,7acab85b-c021-4a36-8167-8711f1bc3860,Mother's Contact Number,Text,
roweqeehb1s5,43,2026-06-18T05:17:03.380Z,"{""id"": ""SocketKey_21295_id4cvu""}",,,7acab85b-c021-4a36-8167-8711f1bc3860,Mother's Contact Number,Text,
rowz1u7sej5b,44,2026-06-18T05:17:03.989Z,"{""id"": ""SocketKey_21295_id4cvu""}",,,7acab85b-c021-4a36-8167-8711f1bc3860,Mother's Contact Number,Text,
rowjsfys43vl,45,2026-06-18T05:17:04.104Z,"{""id"": ""SocketKey_21295_id4cvu""}",,,7acab85b-c021-4a36-8167-8711f1bc3860,Mother's Contact Number,Text,
rowd4fb546ni,46,2026-06-18T05:17:05.614Z,"{""id"": ""SocketKey_21295_id4cvu""}",,,7acab85b-c021-4a36-8167-8711f1bc3860,Mother's Contact Number,Text,
rowy0jzrj7ld,47,2026-06-18T05:17:08.675Z,"{""id"": ""SocketKey_21295_id4cvu""}",,,7acab85b-c021-4a36-8167-8711f1bc3860,Mother's Contact Number,Text,
rowjmstsbtcm,48,2026-06-18T05:17:11.708Z,"{""id"": ""SocketKey_21295_id4cvu""}",,,7acab85b-c021-4a36-8167-8711f1bc3860,Mother's Contact Number,Text,
rowfu7rcj0aa,49,2026-06-18T05:17:14.694Z,"{""id"": ""SocketKey_21295_id4cvu""}",,,7acab85b-c021-4a36-8167-8711f1bc3860,Mother's Contact Number,Text,
rowmtompotj8,50,2026-06-18T05:17:17.736Z,"{""id"": ""SocketKey_21295_id4cvu""}",,,7acab85b-c021-4a36-8167-8711f1bc3860,Mother's Contact Number,Text,
rowhfnde39g7,51,2026-06-18T05:17:20.848Z,"{""id"": ""SocketKey_21295_id4cvu""}",,,7acab85b-c021-4a36-8167-8711f1bc3860,Mother's Contact Number,Text,
rowv3r3h6ypd,52,2026-06-18T05:17:23.872Z,"{""id"": ""SocketKey_21295_id4cvu""}",,,7acab85b-c021-4a36-8167-8711f1bc3860,Mother's Contact Number,Text,
row1z1nzhuxz,53,2026-06-18T05:17:26.894Z,"{""id"": ""SocketKey_21295_id4cvu""}",,,7acab85b-c021-4a36-8167-8711f1bc3860,Mother's Contact Number,Text,
rowyw2xxvmxr,54,2026-06-18T05:17:29.882Z,"{""id"": ""SocketKey_21295_id4cvu""}",,,7acab85b-c021-4a36-8167-8711f1bc3860,Mother's Contact Number,Text,
rowoutm5dzmc,55,2026-06-18T05:17:32.954Z,"{""id"": ""SocketKey_21295_id4cvu""}",,,7acab85b-c021-4a36-8167-8711f1bc3860,Mother's Contact Number,Text,
rowofxk6hscc,56,2026-06-18T05:17:35.965Z,"{""id"": ""SocketKey_21295_id4cvu""}",,,7acab85b-c021-4a36-8167-8711f1bc3860,Mother's Contact Number,Text,
rowc8d8n0wsd,57,2026-06-18T05:17:39.020Z,"{""id"": ""SocketKey_21295_id4cvu""}",,,7acab85b-c021-4a36-8167-8711f1bc3860,Mother's Contact Number,Text,
rowkjtfviczl,58,2026-06-18T05:17:42.006Z,"{""id"": ""SocketKey_21295_id4cvu""}",,,7acab85b-c021-4a36-8167-8711f1bc3860,Mother's Contact Number,Text,
rowun9m3bz4n,59,2026-06-18T05:17:45.037Z,"{""id"": ""SocketKey_21295_id4cvu""}",,,7acab85b-c021-4a36-8167-8711f1bc3860,Mother's Contact Number,Text,
rowgxo23w9zc,60,2026-06-18T05:17:48.063Z,"{""id"": ""SocketKey_21295_id4cvu""}",,,7acab85b-c021-4a36-8167-8711f1bc3860,Mother's Contact Number,Text,
rowmfhateqyt,61,2026-06-18T05:17:51.067Z,"{""id"": ""SocketKey_21295_id4cvu""}",,,7acab85b-c021-4a36-8167-8711f1bc3860,Mother's Contact Number,Text,
row4mmgd91gm,62,2026-06-18T05:17:54.082Z,"{""id"": ""SocketKey_21295_id4cvu""}",,,7acab85b-c021-4a36-8167-8711f1bc3860,Mother's Contact Number,Text,
row3hzph2v48,63,2026-06-18T05:17:57.224Z,"{""id"": ""SocketKey_21295_id4cvu""}",,,7acab85b-c021-4a36-8167-8711f1bc3860,Mother's Contact Number,Text,
rowzw482is13,64,2026-06-18T05:18:00.290Z,"{""id"": ""SocketKey_21295_id4cvu""}",,,7acab85b-c021-4a36-8167-8711f1bc3860,Mother's Contact Number,Text,
roworfdtf3hn,65,2026-06-18T05:18:03.559Z,"{""id"": ""SocketKey_21295_id4cvu""}",,,7acab85b-c021-4a36-8167-8711f1bc3860,Mother's Contact Number,Text,
row34a04lbjk,66,2026-06-18T05:18:06.208Z,"{""id"": ""SocketKey_21295_id4cvu""}",,,7acab85b-c021-4a36-8167-8711f1bc3860,Mother's Contact Number,Text,
rowhwweai125,67,2026-06-18T05:18:09.307Z,"{""id"": ""SocketKey_21295_id4cvu""}",,,7acab85b-c021-4a36-8167-8711f1bc3860,Mother's Contact Number,Text,
rowm1u5wp043,68,2026-06-18T05:18:12.276Z,"{""id"": ""SocketKey_21295_id4cvu""}",,,7acab85b-c021-4a36-8167-8711f1bc3860,Mother's Contact Number,Text,
row1kjki4op1,69,2026-06-18T05:18:15.313Z,"{""id"": ""SocketKey_21295_id4cvu""}",,,7acab85b-c021-4a36-8167-8711f1bc3860,Mother's Contact Number,Text,
row7bnxfiysz,70,2026-06-18T05:18:18.346Z,"{""id"": ""SocketKey_21295_id4cvu""}",,,7acab85b-c021-4a36-8167-8711f1bc3860,Mother's Contact Number,Text,
rowknljdyawl,71,2026-06-18T05:18:21.423Z,"{""id"": ""SocketKey_21295_id4cvu""}",,,7acab85b-c021-4a36-8167-8711f1bc3860,Mother's Contact Number,Text,
row3de2t8ns3,72,2026-06-18T05:18:24.402Z,"{""id"": ""SocketKey_21295_id4cvu""}",,,7acab85b-c021-4a36-8167-8711f1bc3860,Mother's Contact Number,Text,
rowsmhdlxn0c,73,2026-06-18T05:18:27.425Z,"{""id"": ""SocketKey_21295_id4cvu""}",,,7acab85b-c021-4a36-8167-8711f1bc3860,Mother's Contact Number,Text,
rowkiv4bbtih,74,2026-06-18T05:18:30.476Z,"{""id"": ""SocketKey_21295_id4cvu""}",,,7acab85b-c021-4a36-8167-8711f1bc3860,Mother's Contact Number,Text,
row1whr4g93r,75,2026-06-18T05:18:33.482Z,"{""id"": ""SocketKey_21295_id4cvu""}",,,7acab85b-c021-4a36-8167-8711f1bc3860,Mother's Contact Number,Text,
rownsvbzv3hf,76,2026-06-18T05:18:36.649Z,"{""id"": ""SocketKey_21295_id4cvu""}",,,7acab85b-c021-4a36-8167-8711f1bc3860,Mother's Contact Number,Text,
rowpygcsch8e,77,2026-06-18T05:18:39.626Z,"{""id"": ""SocketKey_21295_id4cvu""}",,,7acab85b-c021-4a36-8167-8711f1bc3860,Mother's Contact Number,Text,
rowtkd03olnr,78,2026-06-18T05:18:42.646Z,"{""id"": ""SocketKey_21295_id4cvu""}",,,7acab85b-c021-4a36-8167-8711f1bc3860,Mother's Contact Number,Text,
rowbvyf2z1ku,79,2026-06-18T05:18:45.643Z,"{""id"": ""SocketKey_21295_id4cvu""}",,,7acab85b-c021-4a36-8167-8711f1bc3860,Mother's Contact Number,Text,
rowhlq518y92,80,2026-06-18T05:18:48.652Z,"{""id"": ""SocketKey_21295_id4cvu""}",,,7acab85b-c021-4a36-8167-8711f1bc3860,Mother's Contact Number,Text,
rowcdp3cf06u,81,2026-06-18T05:18:51.687Z,"{""id"": ""SocketKey_21295_id4cvu""}",,,7acab85b-c021-4a36-8167-8711f1bc3860,Mother's Contact Number,Text,
row65h5mgkii,82,2026-06-18T05:18:54.742Z,"{""id"": ""SocketKey_21295_id4cvu""}",,,7acab85b-c021-4a36-8167-8711f1bc3860,Mother's Contact Number,Text,
rowpq0kmvz99,83,2026-06-18T05:18:57.828Z,"{""id"": ""SocketKey_21295_id4cvu""}",,,7acab85b-c021-4a36-8167-8711f1bc3860,Mother's Contact Number,Text,
rowm8e9hmnx2,84,2026-06-18T05:19:00.842Z,"{""id"": ""SocketKey_21295_id4cvu""}",,,7acab85b-c021-4a36-8167-8711f1bc3860,Mother's Contact Number,Text,
rowggeifrlh2,85,2026-06-18T05:19:03.868Z,"{""id"": ""SocketKey_21295_id4cvu""}",,,7acab85b-c021-4a36-8167-8711f1bc3860,Mother's Contact Number,Text,
rownqdqqpvso,86,2026-06-18T05:19:06.903Z,"{""id"": ""SocketKey_21295_id4cvu""}",,,7acab85b-c021-4a36-8167-8711f1bc3860,Mother's Contact Number,Text,
rowozb5zmklx,87,2026-06-18T05:19:09.925Z,"{""id"": ""SocketKey_21295_id4cvu""}",,,7acab85b-c021-4a36-8167-8711f1bc3860,Mother's Contact Number,Text,
row8mbochazc,88,2026-06-18T05:19:13.130Z,"{""id"": ""SocketKey_21295_id4cvu""}",,,7acab85b-c021-4a36-8167-8711f1bc3860,Mother's Contact Number,Text,
rowxvi84n6af,89,2026-06-18T05:19:15.998Z,"{""id"": ""SocketKey_21295_id4cvu""}",,,7acab85b-c021-4a36-8167-8711f1bc3860,Mother's Contact Number,Text,
row46t4vm8md,90,2026-06-18T05:19:19.046Z,"{""id"": ""SocketKey_21295_id4cvu""}",,,7acab85b-c021-4a36-8167-8711f1bc3860,Mother's Contact Number,Text,
rowfcjtwxo69,91,2026-06-18T05:19:22.046Z,"{""id"": ""SocketKey_21295_id4cvu""}",,,7acab85b-c021-4a36-8167-8711f1bc3860,Mother's Contact Number,Text,
row8pvji4gac,92,2026-06-18T05:19:25.075Z,"{""id"": ""SocketKey_21295_id4cvu""}",,,7acab85b-c021-4a36-8167-8711f1bc3860,Mother's Contact Number,Text,
rowyg9ndfayn,93,2026-06-18T05:19:28.204Z,"{""id"": ""SocketKey_21295_id4cvu""}",,,7acab85b-c021-4a36-8167-8711f1bc3860,Mother's Contact Number,Text,
rowzvhbud0ts,94,2026-06-18T05:19:31.141Z,"{""id"": ""SocketKey_21295_id4cvu""}",,,7acab85b-c021-4a36-8167-8711f1bc3860,Mother's Contact Number,Text,
rowsifmwnvso,95,2026-06-18T05:19:34.187Z,"{""id"": ""SocketKey_21295_id4cvu""}",,,7acab85b-c021-4a36-8167-8711f1bc3860,Mother's Contact Number,Text,
row3ittktldp,96,2026-06-18T05:19:37.217Z,"{""id"": ""SocketKey_21295_id4cvu""}",,,7acab85b-c021-4a36-8167-8711f1bc3860,Mother's Contact Number,Text,
row01de91fef,97,2026-06-18T05:19:40.235Z,"{""id"": ""SocketKey_21295_id4cvu""}",,,7acab85b-c021-4a36-8167-8711f1bc3860,Mother's Contact Number,Text,
rowbrc6zc3zw,98,2026-06-18T05:19:43.300Z,"{""id"": ""SocketKey_21295_id4cvu""}",,,7acab85b-c021-4a36-8167-8711f1bc3860,Mother's Contact Number,Text,
rowc12l0fpdl,99,2026-06-18T05:19:46.315Z,"{""id"": ""SocketKey_21295_id4cvu""}",,,7acab85b-c021-4a36-8167-8711f1bc3860,Mother's Contact Number,Text,
rowto4z3r48t,100,2026-06-18T05:19:49.358Z,"{""id"": ""SocketKey_21295_id4cvu""}",,,7acab85b-c021-4a36-8167-8711f1bc3860,Mother's Contact Number,Text,
row188abtrle,101,2026-06-18T05:19:52.362Z,"{""id"": ""SocketKey_21295_id4cvu""}",,,7acab85b-c021-4a36-8167-8711f1bc3860,Mother's Contact Number,Text,
rowopybji3p9,102,2026-06-18T05:19:55.364Z,"{""id"": ""SocketKey_21295_id4cvu""}",,,7acab85b-c021-4a36-8167-8711f1bc3860,Mother's Contact Number,Text,
rowfhpwd8rhk,103,2026-06-18T05:19:58.471Z,"{""id"": ""SocketKey_21295_id4cvu""}",,,7acab85b-c021-4a36-8167-8711f1bc3860,Mother's Contact Number,Text,
rowqktskr2ty,104,2026-06-18T05:20:01.475Z,"{""id"": ""SocketKey_21295_id4cvu""}",,,7acab85b-c021-4a36-8167-8711f1bc3860,Mother's Contact Number,Text,
row2t4hz6jv1,105,2026-06-18T05:21:34.772Z,"{""id"": ""SocketKey_21295_id4cvu""}",,,7acab85b-c021-4a36-8167-8711f1bc3860,Mother's Contact Number,Text,
rowma1lunhqe,106,2026-06-18T05:21:35.818Z,"{""id"": ""SocketKey_21295_id4cvu""}",,,7acab85b-c021-4a36-8167-8711f1bc3860,Mother's Contact Number,Text,
rowavesme1tb,107,2026-06-18T05:21:36.516Z,"{""id"": ""SocketKey_21295_id4cvu""}",,,7acab85b-c021-4a36-8167-8711f1bc3860,Mother's Contact Number,Text,
rowymlxiqj4n,108,2026-06-18T05:21:37.512Z,"{""id"": ""SocketKey_21295_id4cvu""}",,,7acab85b-c021-4a36-8167-8711f1bc3860,Mother's Contact Number,Text,
rowwh2xcbu8g,109,2026-06-18T05:21:37.933Z,"{""id"": ""SocketKey_21295_id4cvu""}",,,7acab85b-c021-4a36-8167-8711f1bc3860,Mother's Contact Number,Text,
rowwn8xq01o8,110,2026-06-18T05:21:39.391Z,"{""id"": ""SocketKey_21295_id4cvu""}",,,7acab85b-c021-4a36-8167-8711f1bc3860,Mother's Contact Number,Text,
row3ox8b6mt3,111,2026-06-18T05:21:39.492Z,"{""id"": ""SocketKey_21295_id4cvu""}",,,7acab85b-c021-4a36-8167-8711f1bc3860,Mother's Contact Number,Text,
rowse9t7zktl,112,2026-06-18T05:21:39.888Z,"{""id"": ""SocketKey_21295_id4cvu""}",,,7acab85b-c021-4a36-8167-8711f1bc3860,Mother's Contact Number,Text,
rowwffiv3otz,113,2026-06-18T05:21:40.004Z,"{""id"": ""SocketKey_21295_id4cvu""}",,,7acab85b-c021-4a36-8167-8711f1bc3860,Mother's Contact Number,Text,
rowijbrtp88a,114,2026-06-18T05:21:40.347Z,"{""id"": ""SocketKey_21295_id4cvu""}",,,7acab85b-c021-4a36-8167-8711f1bc3860,Mother's Contact Number,Text,
row9a3hsvbr0,115,2026-06-18T05:21:40.463Z,"{""id"": ""SocketKey_21295_id4cvu""}",,,7acab85b-c021-4a36-8167-8711f1bc3860,Mother's Contact Number,Text,
rowm4d27qp9o,116,2026-06-18T05:21:40.787Z,"{""id"": ""SocketKey_21295_id4cvu""}",,,7acab85b-c021-4a36-8167-8711f1bc3860,Mother's Contact Number,Text,
rowb5iou5kht,117,2026-06-18T05:21:41.220Z,"{""id"": ""SocketKey_21295_id4cvu""}",,,7acab85b-c021-4a36-8167-8711f1bc3860,Mother's Contact Number,Text,
row7wurt0fqz,118,2026-06-18T05:21:42.089Z,"{""id"": ""SocketKey_21295_id4cvu""}",,,7acab85b-c021-4a36-8167-8711f1bc3860,Mother's Contact Number,Text,
rowhis2hwa8t,119,2026-06-18T05:21:42.089Z,"{""id"": ""SocketKey_21295_id4cvu""}",,,7acab85b-c021-4a36-8167-8711f1bc3860,Mother's Contact Number,Text,
rowdt93eyb12,120,2026-06-18T05:21:42.199Z,"{""id"": ""SocketKey_21295_id4cvu""}",,,7acab85b-c021-4a36-8167-8711f1bc3860,Mother's Contact Number,Text,
rowzko6gvp0w,121,2026-06-18T05:21:42.402Z,"{""id"": ""SocketKey_21295_id4cvu""}",,,7acab85b-c021-4a36-8167-8711f1bc3860,Mother's Contact Number,Text,
rowwv7qqeicv,122,2026-06-18T05:21:42.481Z,"{""id"": ""SocketKey_21295_id4cvu""}",,,7acab85b-c021-4a36-8167-8711f1bc3860,Mother's Contact Number,Text,
rowjhuiga35z,123,2026-06-18T05:21:42.972Z,"{""id"": ""SocketKey_21295_id4cvu""}",,,7acab85b-c021-4a36-8167-8711f1bc3860,Mother's Contact Number,Text,
rowdmqncb6mp,124,2026-06-18T05:21:43.175Z,"{""id"": ""SocketKey_21295_id4cvu""}",,,7acab85b-c021-4a36-8167-8711f1bc3860,Mother's Contact Number,Text,
rowautw8ox6l,125,2026-06-18T05:21:43.699Z,"{""id"": ""SocketKey_21295_id4cvu""}",,,7acab85b-c021-4a36-8167-8711f1bc3860,Mother's Contact Number,Text,
rowwkqlouizv,126,2026-06-18T05:21:43.776Z,"{""id"": ""SocketKey_21295_id4cvu""}",,,7acab85b-c021-4a36-8167-8711f1bc3860,Mother's Contact Number,Text,
rowhi69alrmk,127,2026-06-18T05:21:44.107Z,"{""id"": ""SocketKey_21295_id4cvu""}",,,7acab85b-c021-4a36-8167-8711f1bc3860,Mother's Contact Number,Text,
rowkycjj0j30,128,2026-06-18T05:21:44.376Z,"{""id"": ""SocketKey_21295_id4cvu""}",,,7acab85b-c021-4a36-8167-8711f1bc3860,Mother's Contact Number,Text,
rowls3cujtgp,129,2026-06-18T05:21:44.846Z,"{""id"": ""SocketKey_21295_id4cvu""}",,,7acab85b-c021-4a36-8167-8711f1bc3860,Mother's Contact Number,Text,
rowjfi1rrx88,130,2026-06-18T05:21:45.087Z,"{""id"": ""SocketKey_21295_id4cvu""}",,,7acab85b-c021-4a36-8167-8711f1bc3860,Mother's Contact Number,Text,
row4lvvg8zuc,131,2026-06-18T05:21:45.179Z,"{""id"": ""SocketKey_21295_id4cvu""}",,,7acab85b-c021-4a36-8167-8711f1bc3860,Mother's Contact Number,Text,
rowjw1v285dj,132,2026-06-18T05:21:45.288Z,"{""id"": ""SocketKey_21295_id4cvu""}",,,7acab85b-c021-4a36-8167-8711f1bc3860,Mother's Contact Number,Text,
rownb96672ax,133,2026-06-18T05:21:45.481Z,"{""id"": ""SocketKey_21295_id4cvu""}",,,7acab85b-c021-4a36-8167-8711f1bc3860,Mother's Contact Number,Text,
row18ugdaonf,134,2026-06-18T05:21:45.790Z,"{""id"": ""SocketKey_21295_id4cvu""}",,,7acab85b-c021-4a36-8167-8711f1bc3860,Mother's Contact Number,Text,
row4n27bpsca,135,2026-06-18T05:21:45.889Z,"{""id"": ""SocketKey_21295_id4cvu""}",,,7acab85b-c021-4a36-8167-8711f1bc3860,Mother's Contact Number,Text,
rowwdb20lc61,136,2026-06-18T05:21:46.084Z,"{""id"": ""SocketKey_21295_id4cvu""}",,,7acab85b-c021-4a36-8167-8711f1bc3860,Mother's Contact Number,Text,
rowzl0tmsulw,137,2026-06-18T05:21:46.772Z,"{""id"": ""SocketKey_21295_id4cvu""}",,,7acab85b-c021-4a36-8167-8711f1bc3860,Mother's Contact Number,Text,
rowa6u5jzc6k,138,2026-06-18T05:21:47.097Z,"{""id"": ""SocketKey_21295_id4cvu""}",,,7acab85b-c021-4a36-8167-8711f1bc3860,Mother's Contact Number,Text,
rowyfhk4fjzp,139,2026-06-18T05:21:47.499Z,"{""id"": ""SocketKey_21295_id4cvu""}",,,7acab85b-c021-4a36-8167-8711f1bc3860,Mother's Contact Number,Text,
row2l5khkylu,140,2026-06-18T05:21:50.529Z,"{""id"": ""SocketKey_21295_id4cvu""}",,,7acab85b-c021-4a36-8167-8711f1bc3860,Mother's Contact Number,Text,
row48g6qk5kn,141,2026-06-18T05:21:53.661Z,"{""id"": ""SocketKey_21295_id4cvu""}",,,7acab85b-c021-4a36-8167-8711f1bc3860,Mother's Contact Number,Text,
rowzlxq54wyh,142,2026-06-18T05:21:56.970Z,"{""id"": ""SocketKey_21295_id4cvu""}",,,7acab85b-c021-4a36-8167-8711f1bc3860,Mother's Contact Number,Text,
rowuh03svh7d,143,2026-06-18T05:21:59.759Z,"{""id"": ""SocketKey_21295_id4cvu""}",,,7acab85b-c021-4a36-8167-8711f1bc3860,Mother's Contact Number,Text,
row44eh9jgim,144,2026-06-18T05:22:29.207Z,"{""id"": ""SocketKey_21295_id4cvu""}",,,7acab85b-c021-4a36-8167-8711f1bc3860,Mother's Contact Number,Text,
rowz6zybut88,145,2026-06-18T05:22:31.413Z,"{""id"": ""SocketKey_21295_id4cvu""}",,,7acab85b-c021-4a36-8167-8711f1bc3860,Mother's Contact Number,Text,
rowcalatlvm1,146,2026-06-18T05:22:31.957Z,"{""id"": ""SocketKey_21295_id4cvu""}",,,7acab85b-c021-4a36-8167-8711f1bc3860,Mother's Contact Number,Text,
rowj40wcozdi,147,2026-06-18T05:22:32.215Z,"{""id"": ""SocketKey_21295_id4cvu""}",,,7acab85b-c021-4a36-8167-8711f1bc3860,Mother's Contact Number,Text,
rowtwf1swarz,148,2026-06-18T05:22:33.496Z,"{""id"": ""SocketKey_21295_id4cvu""}",,,7acab85b-c021-4a36-8167-8711f1bc3860,Mother's Contact Number,Text,
rowyhg9exdcn,149,2026-06-18T05:22:34.208Z,"{""id"": ""SocketKey_21295_id4cvu""}",,,7acab85b-c021-4a36-8167-8711f1bc3860,Mother's Contact Number,Text,
rowsvs5crjfe,150,2026-06-18T05:22:34.931Z,"{""id"": ""SocketKey_21295_id4cvu""}",,,7acab85b-c021-4a36-8167-8711f1bc3860,Mother's Contact Number,Text,
roww7yybo9pw,151,2026-06-18T05:22:34.968Z,"{""id"": ""SocketKey_21295_id4cvu""}",,,7acab85b-c021-4a36-8167-8711f1bc3860,Mother's Contact Number,Text,
rowejy2gnrtq,152,2026-06-18T05:22:35.461Z,"{""id"": ""SocketKey_21295_id4cvu""}",,,7acab85b-c021-4a36-8167-8711f1bc3860,Mother's Contact Number,Text,
rowdw5i7rig0,153,2026-06-18T05:22:36.192Z,"{""id"": ""SocketKey_21295_id4cvu""}",,,7acab85b-c021-4a36-8167-8711f1bc3860,Mother's Contact Number,Text,
rowzdy29gonc,154,2026-06-18T05:22:36.438Z,"{""id"": ""SocketKey_21295_id4cvu""}",,,7acab85b-c021-4a36-8167-8711f1bc3860,Mother's Contact Number,Text,
rows96eqm2yc,155,2026-06-18T05:22:36.716Z,"{""id"": ""SocketKey_21295_id4cvu""}",,,7acab85b-c021-4a36-8167-8711f1bc3860,Mother's Contact Number,Text,
row4dryckfol,156,2026-06-18T05:22:39.199Z,"{""id"": ""SocketKey_21295_id4cvu""}",,,7acab85b-c021-4a36-8167-8711f1bc3860,Mother's Contact Number,Text,
rowndtq5mkq8,157,2026-06-18T05:22:42.208Z,"{""id"": ""SocketKey_21295_id4cvu""}",,,7acab85b-c021-4a36-8167-8711f1bc3860,Mother's Contact Number,Text,
rowvsf5ewfh0,158,2026-06-18T05:22:45.209Z,"{""id"": ""SocketKey_21295_id4cvu""}",,,7acab85b-c021-4a36-8167-8711f1bc3860,Mother's Contact Number,Text,
rowebwjtfr9m,159,2026-06-18T05:22:48.418Z,"{""id"": ""SocketKey_21295_id4cvu""}",,,7acab85b-c021-4a36-8167-8711f1bc3860,Mother's Contact Number,Text,
rowed3i2dals,160,2026-06-18T05:22:51.662Z,"{""id"": ""SocketKey_21295_id4cvu""}",,,7acab85b-c021-4a36-8167-8711f1bc3860,Mother's Contact Number,Text,
rowk3sgwcosw,161,2026-06-18T05:22:54.445Z,"{""id"": ""SocketKey_21295_id4cvu""}",,,7acab85b-c021-4a36-8167-8711f1bc3860,Mother's Contact Number,Text,
rowscdtfcuax,162,2026-06-18T05:22:57.454Z,"{""id"": ""SocketKey_21295_id4cvu""}",,,7acab85b-c021-4a36-8167-8711f1bc3860,Mother's Contact Number,Text,
rowwu33erk0h,163,2026-06-18T05:23:00.457Z,"{""id"": ""SocketKey_21295_id4cvu""}",,,7acab85b-c021-4a36-8167-8711f1bc3860,Mother's Contact Number,Text,
rowr2hs7tza6,164,2026-06-18T05:23:04.668Z,"{""id"": ""SocketKey_21295_id4cvu""}",,,7acab85b-c021-4a36-8167-8711f1bc3860,Mother's Contact Number,Text,
rowmdztkww8p,165,2026-06-18T05:23:06.455Z,"{""id"": ""SocketKey_21295_id4cvu""}",,,7acab85b-c021-4a36-8167-8711f1bc3860,Mother's Contact Number,Text,
roweqwyyiip0,166,2026-06-18T05:23:09.661Z,"{""id"": ""SocketKey_21295_id4cvu""}",,,7acab85b-c021-4a36-8167-8711f1bc3860,Mother's Contact Number,Text,
rowal0psrd4k,167,2026-06-18T05:23:12.444Z,"{""id"": ""SocketKey_21295_id4cvu""}",,,7acab85b-c021-4a36-8167-8711f1bc3860,Mother's Contact Number,Text,
rowymufbnrmn,168,2026-06-18T05:23:15.517Z,"{""id"": ""SocketKey_21295_id4cvu""}",,,7acab85b-c021-4a36-8167-8711f1bc3860,Mother's Contact Number,Text,
rowmr8f7pigo,169,2026-06-18T05:23:18.662Z,"{""id"": ""SocketKey_21295_id4cvu""}",,,7acab85b-c021-4a36-8167-8711f1bc3860,Mother's Contact Number,Text,
rowd704ggjsa,170,2026-06-18T05:23:21.699Z,"{""id"": ""SocketKey_21295_id4cvu""}",,,7acab85b-c021-4a36-8167-8711f1bc3860,Mother's Contact Number,Text,
rowrkk8rc1tw,171,2026-06-18T05:23:24.703Z,"{""id"": ""SocketKey_21295_id4cvu""}",,,7acab85b-c021-4a36-8167-8711f1bc3860,Mother's Contact Number,Text,
rowai4l7quum,172,2026-06-18T05:23:27.696Z,"{""id"": ""SocketKey_21295_id4cvu""}",,,7acab85b-c021-4a36-8167-8711f1bc3860,Mother's Contact Number,Text,
rowrliqo8nip,173,2026-06-18T05:23:30.695Z,"{""id"": ""SocketKey_21295_id4cvu""}",,,7acab85b-c021-4a36-8167-8711f1bc3860,Mother's Contact Number,Text,
rowe2gnwajcx,174,2026-06-18T05:23:33.916Z,"{""id"": ""SocketKey_21295_id4cvu""}",,,7acab85b-c021-4a36-8167-8711f1bc3860,Mother's Contact Number,Text,
rownw9tsiyrh,175,2026-06-18T05:23:36.949Z,"{""id"": ""SocketKey_21295_id4cvu""}",,,7acab85b-c021-4a36-8167-8711f1bc3860,Mother's Contact Number,Text,
rowy85xr1kq4,176,2026-06-18T05:23:39.713Z,"{""id"": ""SocketKey_21295_id4cvu""}",,,7acab85b-c021-4a36-8167-8711f1bc3860,Mother's Contact Number,Text,
row11e9275bh,177,2026-06-18T05:23:42.960Z,"{""id"": ""SocketKey_21295_id4cvu""}",,,7acab85b-c021-4a36-8167-8711f1bc3860,Mother's Contact Number,Text,
rowog41cs21g,178,2026-06-18T05:23:45.763Z,"{""id"": ""SocketKey_21295_id4cvu""}",,,7acab85b-c021-4a36-8167-8711f1bc3860,Mother's Contact Number,Text,
row6xysmreru,179,2026-06-18T05:23:48.948Z,"{""id"": ""SocketKey_21295_id4cvu""}",,,7acab85b-c021-4a36-8167-8711f1bc3860,Mother's Contact Number,Text,
row39hhy8r2z,180,2026-06-18T05:23:51.949Z,"{""id"": ""SocketKey_21295_id4cvu""}",,,7acab85b-c021-4a36-8167-8711f1bc3860,Mother's Contact Number,Text,
rowixrxu6e0e,181,2026-06-18T05:23:54.866Z,"{""id"": ""SocketKey_21295_id4cvu""}",,,7acab85b-c021-4a36-8167-8711f1bc3860,Mother's Contact Number,Text,
rowv3zb9jaoi,182,2026-06-18T05:23:58.170Z,"{""id"": ""SocketKey_21295_id4cvu""}",,,7acab85b-c021-4a36-8167-8711f1bc3860,Mother's Contact Number,Text,
row695fee9ba,183,2026-06-18T05:24:00.952Z,"{""id"": ""SocketKey_21295_id4cvu""}",,,7acab85b-c021-4a36-8167-8711f1bc3860,Mother's Contact Number,Text,
rowu8xhbbh1h,184,2026-06-18T05:24:03.964Z,"{""id"": ""SocketKey_21295_id4cvu""}",,,7acab85b-c021-4a36-8167-8711f1bc3860,Mother's Contact Number,Text,
row4wo9emd4j,185,2026-06-18T05:24:07.163Z,"{""id"": ""SocketKey_21295_id4cvu""}",,,7acab85b-c021-4a36-8167-8711f1bc3860,Mother's Contact Number,Text,
rowqyiqe8926,186,2026-06-18T05:24:10.195Z,"{""id"": ""SocketKey_21295_id4cvu""}",,,7acab85b-c021-4a36-8167-8711f1bc3860,Mother's Contact Number,Text,
row3pws9xltb,187,2026-06-18T05:24:13.207Z,"{""id"": ""SocketKey_21295_id4cvu""}",,,7acab85b-c021-4a36-8167-8711f1bc3860,Mother's Contact Number,Text,
rowfn4vla0kf,188,2026-06-18T05:24:16.424Z,"{""id"": ""SocketKey_21295_id4cvu""}",,,7acab85b-c021-4a36-8167-8711f1bc3860,Mother's Contact Number,Text,
row1iqus9do3,189,2026-06-18T05:24:19.212Z,"{""id"": ""SocketKey_21295_id4cvu""}",,,7acab85b-c021-4a36-8167-8711f1bc3860,Mother's Contact Number,Text,
rowajez1d8yh,190,2026-06-18T05:24:22.219Z,"{""id"": ""SocketKey_21295_id4cvu""}",,,7acab85b-c021-4a36-8167-8711f1bc3860,Mother's Contact Number,Text,
row8dmsf4q6w,191,2026-06-18T05:24:25.199Z,"{""id"": ""SocketKey_21295_id4cvu""}",,,7acab85b-c021-4a36-8167-8711f1bc3860,Mother's Contact Number,Text,
rowj2ucpac67,192,2026-06-18T05:24:28.201Z,"{""id"": ""SocketKey_21295_id4cvu""}",,,7acab85b-c021-4a36-8167-8711f1bc3860,Mother's Contact Number,Text,
rowp0ez68w4d,193,2026-06-18T05:24:31.412Z,"{""id"": ""SocketKey_21295_id4cvu""}",,,7acab85b-c021-4a36-8167-8711f1bc3860,Mother's Contact Number,Text,
rowr5n2rruc9,194,2026-06-18T05:24:34.669Z,"{""id"": ""SocketKey_21295_id4cvu""}",,,7acab85b-c021-4a36-8167-8711f1bc3860,Mother's Contact Number,Text,
row8nq37tldv,195,2026-06-18T05:24:37.671Z,"{""id"": ""SocketKey_21295_id4cvu""}",,,7acab85b-c021-4a36-8167-8711f1bc3860,Mother's Contact Number,Text,
rowopkbcujqe,196,2026-06-18T05:24:40.471Z,"{""id"": ""SocketKey_21295_id4cvu""}",,,7acab85b-c021-4a36-8167-8711f1bc3860,Mother's Contact Number,Text,
row3ooupvy3z,197,2026-06-18T05:24:43.466Z,"{""id"": ""SocketKey_21295_id4cvu""}",,,7acab85b-c021-4a36-8167-8711f1bc3860,Mother's Contact Number,Text,
row0xrzdnv6n,198,2026-06-18T05:24:46.449Z,"{""id"": ""SocketKey_21295_id4cvu""}",,,7acab85b-c021-4a36-8167-8711f1bc3860,Mother's Contact Number,Text,
row9tmstn796,199,2026-06-18T05:24:49.448Z,"{""id"": ""SocketKey_21295_id4cvu""}",,,7acab85b-c021-4a36-8167-8711f1bc3860,Mother's Contact Number,Text,
rowowa26kxv2,200,2026-06-18T05:24:52.452Z,"{""id"": ""SocketKey_21295_id4cvu""}",,,7acab85b-c021-4a36-8167-8711f1bc3860,Mother's Contact Number,Text,
rowptysjpya6,201,2026-06-18T05:24:55.465Z,"{""id"": ""SocketKey_21295_id4cvu""}",,,7acab85b-c021-4a36-8167-8711f1bc3860,Mother's Contact Number,Text,
rowqe9791qrv,202,2026-06-18T05:24:58.702Z,"{""id"": ""SocketKey_21295_id4cvu""}",,,7acab85b-c021-4a36-8167-8711f1bc3860,Mother's Contact Number,Text,
rowg9ss4k51r,203,2026-06-18T05:25:01.697Z,"{""id"": ""SocketKey_21295_id4cvu""}",,,7acab85b-c021-4a36-8167-8711f1bc3860,Mother's Contact Number,Text,
rowfh8u26hhx,204,2026-06-18T05:26:42.454Z,"{""id"": ""SocketKey_21295_id4cvu""}",,,7acab85b-c021-4a36-8167-8711f1bc3860,Mother's Contact Number,Text,
row346u0imf6,205,2026-06-18T05:26:42.949Z,"{""id"": ""SocketKey_21295_id4cvu""}",,,7acab85b-c021-4a36-8167-8711f1bc3860,Mother's Contact Number,Text,
row0u9rdje86,206,2026-06-18T05:26:43.919Z,"{""id"": ""SocketKey_21295_id4cvu""}",,,7acab85b-c021-4a36-8167-8711f1bc3860,Mother's Contact Number,Text,
row9ezrzm99y,207,2026-06-18T05:26:44.195Z,"{""id"": ""SocketKey_21295_id4cvu""}",,,7acab85b-c021-4a36-8167-8711f1bc3860,Mother's Contact Number,Text,
row3tobx0lh8,208,2026-06-18T05:26:44.706Z,"{""id"": ""SocketKey_21295_id4cvu""}",,,7acab85b-c021-4a36-8167-8711f1bc3860,Mother's Contact Number,Text,
rowq2139zuyp,209,2026-06-18T05:26:45.210Z,"{""id"": ""SocketKey_21295_id4cvu""}",,,7acab85b-c021-4a36-8167-8711f1bc3860,Mother's Contact Number,Text,
rowhni4ao9u2,210,2026-06-18T05:26:45.473Z,"{""id"": ""SocketKey_21295_id4cvu""}",,,7acab85b-c021-4a36-8167-8711f1bc3860,Mother's Contact Number,Text,
rowgchqqwcrl,211,2026-06-18T05:26:45.756Z,"{""id"": ""SocketKey_21295_id4cvu""}",,,7acab85b-c021-4a36-8167-8711f1bc3860,Mother's Contact Number,Text,
rowxch57v2gn,212,2026-06-18T05:26:46.174Z,"{""id"": ""SocketKey_21295_id4cvu""}",,,7acab85b-c021-4a36-8167-8711f1bc3860,Mother's Contact Number,Text,
rowcusqp8hzq,213,2026-06-18T05:26:46.666Z,"{""id"": ""SocketKey_21295_id4cvu""}",,,7acab85b-c021-4a36-8167-8711f1bc3860,Mother's Contact Number,Text,
rowgdk86uoxx,214,2026-06-18T05:26:47.237Z,"{""id"": ""SocketKey_21295_id4cvu""}",,,7acab85b-c021-4a36-8167-8711f1bc3860,Mother's Contact Number,Text,
rowktnkk6pmc,215,2026-06-18T05:26:47.936Z,"{""id"": ""SocketKey_21295_id4cvu""}",,,7acab85b-c021-4a36-8167-8711f1bc3860,Mother's Contact Number,Text,
rowlouyjz8hh,216,2026-06-18T05:26:48.163Z,"{""id"": ""SocketKey_21295_id4cvu""}",,,7acab85b-c021-4a36-8167-8711f1bc3860,Mother's Contact Number,Text,
rowqo1d6nhfj,217,2026-06-18T05:26:48.434Z,"{""id"": ""SocketKey_21295_id4cvu""}",,,7acab85b-c021-4a36-8167-8711f1bc3860,Mother's Contact Number,Text,
row4xkf5kttm,218,2026-06-18T05:26:48.494Z,"{""id"": ""SocketKey_21295_id4cvu""}",,,7acab85b-c021-4a36-8167-8711f1bc3860,Mother's Contact Number,Text,
row8mkl0y8e7,219,2026-06-18T05:26:48.943Z,"{""id"": ""SocketKey_21295_id4cvu""}",,,7acab85b-c021-4a36-8167-8711f1bc3860,Mother's Contact Number,Text,
rowdljc5jjx9,220,2026-06-18T05:26:49.422Z,"{""id"": ""SocketKey_21295_id4cvu""}",,,7acab85b-c021-4a36-8167-8711f1bc3860,Mother's Contact Number,Text,
rowstydd04fd,221,2026-06-18T05:26:49.709Z,"{""id"": ""SocketKey_21295_id4cvu""}",,,7acab85b-c021-4a36-8167-8711f1bc3860,Mother's Contact Number,Text,
row0q3yh1cgo,222,2026-06-18T05:26:50.177Z,"{""id"": ""SocketKey_21295_id4cvu""}",,,7acab85b-c021-4a36-8167-8711f1bc3860,Mother's Contact Number,Text,
rowjin26litf,223,2026-06-18T05:26:50.453Z,"{""id"": ""SocketKey_21295_id4cvu""}",,,7acab85b-c021-4a36-8167-8711f1bc3860,Mother's Contact Number,Text,
rowlu01uoztz,224,2026-06-18T05:26:51.164Z,"{""id"": ""SocketKey_21295_id4cvu""}",,,7acab85b-c021-4a36-8167-8711f1bc3860,Mother's Contact Number,Text,
rowjy244nk0j,225,2026-06-18T05:26:51.246Z,"{""id"": ""SocketKey_21295_id4cvu""}",,,7acab85b-c021-4a36-8167-8711f1bc3860,Mother's Contact Number,Text,
rowuuapk7z43,226,2026-06-18T05:26:51.445Z,"{""id"": ""SocketKey_21295_id4cvu""}",,,7acab85b-c021-4a36-8167-8711f1bc3860,Mother's Contact Number,Text,
rowrbvpu03i3,227,2026-06-18T05:26:51.690Z,"{""id"": ""SocketKey_21295_id4cvu""}",,,7acab85b-c021-4a36-8167-8711f1bc3860,Mother's Contact Number,Text,
rowizutjgt1p,228,2026-06-18T05:26:52.651Z,"{""id"": ""SocketKey_21295_id4cvu""}",,,7acab85b-c021-4a36-8167-8711f1bc3860,Mother's Contact Number,Text,
rowrqje9x2t5,229,2026-06-18T05:26:52.665Z,"{""id"": ""SocketKey_21295_id4cvu""}",,,7acab85b-c021-4a36-8167-8711f1bc3860,Mother's Contact Number,Text,
rowit0q8w2tn,230,2026-06-18T05:26:52.694Z,"{""id"": ""SocketKey_21295_id4cvu""}",,,7acab85b-c021-4a36-8167-8711f1bc3860,Mother's Contact Number,Text,
rowhwu9e3pdw,231,2026-06-18T05:26:52.706Z,"{""id"": ""SocketKey_21295_id4cvu""}",,,7acab85b-c021-4a36-8167-8711f1bc3860,Mother's Contact Number,Text,
rown4klh6tqy,232,2026-06-18T05:26:53.168Z,"{""id"": ""SocketKey_21295_id4cvu""}",,,7acab85b-c021-4a36-8167-8711f1bc3860,Mother's Contact Number,Text,
row89tczn89o,233,2026-06-18T05:26:53.426Z,"{""id"": ""SocketKey_21295_id4cvu""}",,,7acab85b-c021-4a36-8167-8711f1bc3860,Mother's Contact Number,Text,
rowtltbinv9l,234,2026-06-18T05:26:53.709Z,"{""id"": ""SocketKey_21295_id4cvu""}",,,7acab85b-c021-4a36-8167-8711f1bc3860,Mother's Contact Number,Text,
rowc7de29fmo,235,2026-06-18T05:26:53.714Z,"{""id"": ""SocketKey_21295_id4cvu""}",,,7acab85b-c021-4a36-8167-8711f1bc3860,Mother's Contact Number,Text,
rowflfk34c2i,236,2026-06-18T05:26:54.245Z,"{""id"": ""SocketKey_21295_id4cvu""}",,,7acab85b-c021-4a36-8167-8711f1bc3860,Mother's Contact Number,Text,
rowdi81r4ldl,237,2026-06-18T05:26:54.462Z,"{""id"": ""SocketKey_21295_id4cvu""}",,,7acab85b-c021-4a36-8167-8711f1bc3860,Mother's Contact Number,Text,
rowo927yja2e,238,2026-06-18T05:26:54.668Z,"{""id"": ""SocketKey_21295_id4cvu""}",,,7acab85b-c021-4a36-8167-8711f1bc3860,Mother's Contact Number,Text,
rowxtr5cxodc,239,2026-06-18T05:26:55.222Z,"{""id"": ""SocketKey_21295_id4cvu""}",,,7acab85b-c021-4a36-8167-8711f1bc3860,Mother's Contact Number,Text,
rowzdoshceua,240,2026-06-18T05:26:55.411Z,"{""id"": ""SocketKey_21295_id4cvu""}",,,7acab85b-c021-4a36-8167-8711f1bc3860,Mother's Contact Number,Text,
rowajww40bw6,241,2026-06-18T05:26:56.713Z,"{""id"": ""SocketKey_21295_id4cvu""}",,,7acab85b-c021-4a36-8167-8711f1bc3860,Mother's Contact Number,Text,
row5b8y2ykpk,242,2026-06-18T05:26:59.921Z,"{""id"": ""SocketKey_21295_id4cvu""}",,,7acab85b-c021-4a36-8167-8711f1bc3860,Mother's Contact Number,Text,
row9jcn6ho3c,243,2026-06-18T05:27:02.914Z,"{""id"": ""SocketKey_21295_id4cvu""}",,,7acab85b-c021-4a36-8167-8711f1bc3860,Mother's Contact Number,Text,
row7yw4y7y8q,244,2026-06-18T05:27:05.945Z,"{""id"": ""SocketKey_21295_id4cvu""}",,,7acab85b-c021-4a36-8167-8711f1bc3860,Mother's Contact Number,Text,
rowqi4ned8rr,245,2026-06-18T05:27:08.951Z,"{""id"": ""SocketKey_21295_id4cvu""}",,,7acab85b-c021-4a36-8167-8711f1bc3860,Mother's Contact Number,Text,
row9xml9kxit,246,2026-06-18T05:27:11.948Z,"{""id"": ""SocketKey_21295_id4cvu""}",,,7acab85b-c021-4a36-8167-8711f1bc3860,Mother's Contact Number,Text,
rowj94x6huro,247,2026-06-18T05:27:14.954Z,"{""id"": ""SocketKey_21295_id4cvu""}",,,7acab85b-c021-4a36-8167-8711f1bc3860,Mother's Contact Number,Text,
row5b9stgax1,248,2026-06-18T05:27:17.950Z,"{""id"": ""SocketKey_21295_id4cvu""}",,,7acab85b-c021-4a36-8167-8711f1bc3860,Mother's Contact Number,Text,
rowfa3ls53mn,249,2026-06-18T05:27:20.942Z,"{""id"": ""SocketKey_21295_id4cvu""}",,,7acab85b-c021-4a36-8167-8711f1bc3860,Mother's Contact Number,Text,
rowoda03sgj5,250,2026-06-18T05:27:24.200Z,"{""id"": ""SocketKey_21295_id4cvu""}",,,7acab85b-c021-4a36-8167-8711f1bc3860,Mother's Contact Number,Text,
rowwe99mibpm,251,2026-06-18T05:27:27.177Z,"{""id"": ""SocketKey_21295_id4cvu""}",,,7acab85b-c021-4a36-8167-8711f1bc3860,Mother's Contact Number,Text,
rowr5jo96faz,252,2026-06-18T05:27:30.198Z,"{""id"": ""SocketKey_21295_id4cvu""}",,,7acab85b-c021-4a36-8167-8711f1bc3860,Mother's Contact Number,Text,
rown1h5qui0c,253,2026-06-18T05:27:33.196Z,"{""id"": ""SocketKey_21295_id4cvu""}",,,7acab85b-c021-4a36-8167-8711f1bc3860,Mother's Contact Number,Text,
rowre4mj8nab,254,2026-06-18T05:27:36.064Z,"{""id"": ""SocketKey_21295_id4cvu""}",,,7acab85b-c021-4a36-8167-8711f1bc3860,Mother's Contact Number,Text,
rowqyy47tx1t,255,2026-06-18T05:27:39.153Z,"{""id"": ""SocketKey_21295_id4cvu""}",,,7acab85b-c021-4a36-8167-8711f1bc3860,Mother's Contact Number,Text,
roww7frvcc50,256,2026-06-18T05:27:42.259Z,"{""id"": ""SocketKey_21295_id4cvu""}",,,7acab85b-c021-4a36-8167-8711f1bc3860,Mother's Contact Number,Text,
row0ckio86a2,257,2026-06-18T05:27:45.187Z,"{""id"": ""SocketKey_21295_id4cvu""}",,,7acab85b-c021-4a36-8167-8711f1bc3860,Mother's Contact Number,Text,
row777xofjmq,258,2026-06-18T05:27:48.209Z,"{""id"": ""SocketKey_21295_id4cvu""}",,,7acab85b-c021-4a36-8167-8711f1bc3860,Mother's Contact Number,Text,
row021sme06o,259,2026-06-18T05:27:51.314Z,"{""id"": ""SocketKey_21295_id4cvu""}",,,7acab85b-c021-4a36-8167-8711f1bc3860,Mother's Contact Number,Text,
rowgl4vobnhl,260,2026-06-18T05:27:54.418Z,"{""id"": ""SocketKey_21295_id4cvu""}",,,7acab85b-c021-4a36-8167-8711f1bc3860,Mother's Contact Number,Text,
rowl68s28w0r,261,2026-06-18T05:27:57.267Z,"{""id"": ""SocketKey_21295_id4cvu""}",,,7acab85b-c021-4a36-8167-8711f1bc3860,Mother's Contact Number,Text,
rowakn2szro6,262,2026-06-18T05:28:00.306Z,"{""id"": ""SocketKey_21295_id4cvu""}",,,7acab85b-c021-4a36-8167-8711f1bc3860,Mother's Contact Number,Text,
rowsffxh3rni,263,2026-06-18T05:28:03.397Z,"{""id"": ""SocketKey_21295_id4cvu""}",,,7acab85b-c021-4a36-8167-8711f1bc3860,Mother's Contact Number,Text,
row2c5wv76jp,264,2026-06-18T05:28:06.365Z,"{""id"": ""SocketKey_21295_id4cvu""}",,,7acab85b-c021-4a36-8167-8711f1bc3860,Mother's Contact Number,Text,
rowshr6coscg,265,2026-06-18T05:28:09.392Z,"{""id"": ""SocketKey_21295_id4cvu""}",,,7acab85b-c021-4a36-8167-8711f1bc3860,Mother's Contact Number,Text,
rowokw1fsp8t,266,2026-06-18T05:28:12.460Z,"{""id"": ""SocketKey_21295_id4cvu""}",,,7acab85b-c021-4a36-8167-8711f1bc3860,Mother's Contact Number,Text,
rowqvzt3cep6,267,2026-06-18T05:28:15.444Z,"{""id"": ""SocketKey_21295_id4cvu""}",,,7acab85b-c021-4a36-8167-8711f1bc3860,Mother's Contact Number,Text,
rowus2a0w9z9,268,2026-06-18T05:28:18.521Z,"{""id"": ""SocketKey_21295_id4cvu""}",,,7acab85b-c021-4a36-8167-8711f1bc3860,Mother's Contact Number,Text,
rowattgkpdv5,269,2026-06-18T05:28:21.542Z,"{""id"": ""SocketKey_21295_id4cvu""}",,,7acab85b-c021-4a36-8167-8711f1bc3860,Mother's Contact Number,Text,
row28auw7oph,270,2026-06-18T05:28:24.951Z,"{""id"": ""SocketKey_21295_id4cvu""}",,,7acab85b-c021-4a36-8167-8711f1bc3860,Mother's Contact Number,Text,
rowunsi90faa,271,2026-06-18T05:28:27.729Z,"{""id"": ""SocketKey_21295_id4cvu""}",,,7acab85b-c021-4a36-8167-8711f1bc3860,Mother's Contact Number,Text,
row860dpv7po,272,2026-06-18T05:28:30.736Z,"{""id"": ""SocketKey_21295_id4cvu""}",,,7acab85b-c021-4a36-8167-8711f1bc3860,Mother's Contact Number,Text,
rowzjijc7yrb,273,2026-06-18T05:28:33.957Z,"{""id"": ""SocketKey_21295_id4cvu""}",,,7acab85b-c021-4a36-8167-8711f1bc3860,Mother's Contact Number,Text,
row1qqnstdbb,274,2026-06-18T05:28:36.680Z,"{""id"": ""SocketKey_21295_id4cvu""}",,,7acab85b-c021-4a36-8167-8711f1bc3860,Mother's Contact Number,Text,
rowapq4b18nv,275,2026-06-18T05:28:39.798Z,"{""id"": ""SocketKey_21295_id4cvu""}",,,7acab85b-c021-4a36-8167-8711f1bc3860,Mother's Contact Number,Text,
rowzx2y1g9be,276,2026-06-18T05:28:42.744Z,"{""id"": ""SocketKey_21295_id4cvu""}",,,7acab85b-c021-4a36-8167-8711f1bc3860,Mother's Contact Number,Text,
row801j96ulu,277,2026-06-18T05:28:45.858Z,"{""id"": ""SocketKey_21295_id4cvu""}",,,7acab85b-c021-4a36-8167-8711f1bc3860,Mother's Contact Number,Text,
row2t4mkatbi,278,2026-06-18T05:28:48.853Z,"{""id"": ""SocketKey_21295_id4cvu""}",,,7acab85b-c021-4a36-8167-8711f1bc3860,Mother's Contact Number,Text,
rowiqqnmo9q9,279,2026-06-18T05:28:51.936Z,"{""id"": ""SocketKey_21295_id4cvu""}",,,7acab85b-c021-4a36-8167-8711f1bc3860,Mother's Contact Number,Text,
rowh9led0eso,280,2026-06-18T05:28:54.833Z,"{""id"": ""SocketKey_21295_id4cvu""}",,,7acab85b-c021-4a36-8167-8711f1bc3860,Mother's Contact Number,Text,
rowg3w6phe06,281,2026-06-18T05:28:58.138Z,"{""id"": ""SocketKey_21295_id4cvu""}",,,7acab85b-c021-4a36-8167-8711f1bc3860,Mother's Contact Number,Text,
rowi9bbk9mpi,282,2026-06-18T05:29:00.946Z,"{""id"": ""SocketKey_21295_id4cvu""}",,,7acab85b-c021-4a36-8167-8711f1bc3860,Mother's Contact Number,Text,
rowt6zryon2m,283,2026-06-18T05:29:03.948Z,"{""id"": ""SocketKey_21295_id4cvu""}",,,7acab85b-c021-4a36-8167-8711f1bc3860,Mother's Contact Number,Text,
row771qha5rv,284,2026-06-18T05:29:06.971Z,"{""id"": ""SocketKey_21295_id4cvu""}",,,7acab85b-c021-4a36-8167-8711f1bc3860,Mother's Contact Number,Text,
rowssn6ug8hw,285,2026-06-18T05:29:09.988Z,"{""id"": ""SocketKey_21295_id4cvu""}",,,7acab85b-c021-4a36-8167-8711f1bc3860,Mother's Contact Number,Text,
rowurtpe3zi5,286,2026-06-18T05:29:13.022Z,"{""id"": ""SocketKey_21295_id4cvu""}",,,7acab85b-c021-4a36-8167-8711f1bc3860,Mother's Contact Number,Text,
rowo90i2n5gx,287,2026-06-18T05:29:16.055Z,"{""id"": ""SocketKey_21295_id4cvu""}",,,7acab85b-c021-4a36-8167-8711f1bc3860,Mother's Contact Number,Text,
rows2u4lees2,288,2026-06-18T05:29:19.114Z,"{""id"": ""SocketKey_21295_id4cvu""}",,,7acab85b-c021-4a36-8167-8711f1bc3860,Mother's Contact Number,Text,
rown5xpxtc8j,289,2026-06-18T05:29:22.159Z,"{""id"": ""SocketKey_21295_id4cvu""}",,,7acab85b-c021-4a36-8167-8711f1bc3860,Mother's Contact Number,Text,
rowqc3rcd5tf,290,2026-06-18T05:29:25.188Z,"{""id"": ""SocketKey_21295_id4cvu""}",,,7acab85b-c021-4a36-8167-8711f1bc3860,Mother's Contact Number,Text,
rowmeib96hls,291,2026-06-18T05:29:28.441Z,"{""id"": ""SocketKey_21295_id4cvu""}",,,7acab85b-c021-4a36-8167-8711f1bc3860,Mother's Contact Number,Text,
