rowid,autonumber,createdat,createdby,updatedat,updatedby,name,field_id,field_title,value,updated_at
rowjzaqcawl4,6,2026-06-18T05:13:03.671Z,"{""id"": ""SocketKey_21295_id4cvu""}",,,f131410e-74dc-4648-b594-83443ae10021,7acab85b-c021-4a36-8167-8711f1bc3860,Mother's Contact Number,null,
rowxnaj64h0t,7,2026-06-18T05:13:06.538Z,"{""id"": ""SocketKey_21295_id4cvu""}",,,f26e1582-6c0a-40e3-a085-0108cb1c70aa,7acab85b-c021-4a36-8167-8711f1bc3860,Mother's Contact Number,null,
rowcsaxu8uz6,8,2026-06-18T05:13:09.655Z,"{""id"": ""SocketKey_21295_id4cvu""}",,,6a875a23-9a52-4c76-b4a7-eaac75a22f46,7acab85b-c021-4a36-8167-8711f1bc3860,Mother's Contact Number,null,
rowyblsui8fi,9,2026-06-18T05:13:12.797Z,"{""id"": ""SocketKey_21295_id4cvu""}",,,06380524-742f-4169-b6ed-8ad5c87ed11b,7acab85b-c021-4a36-8167-8711f1bc3860,Mother's Contact Number,null,
rowuco3ek065,10,2026-06-18T05:13:15.798Z,"{""id"": ""SocketKey_21295_id4cvu""}",,,0e8fa4c1-d04d-4484-a0e3-5e9a9a384757,7acab85b-c021-4a36-8167-8711f1bc3860,Mother's Contact Number,null,
row8btk633bb,11,2026-06-18T05:13:19.783Z,"{""id"": ""SocketKey_21295_id4cvu""}",,,b2ca7e13-bc7d-4d60-bf8d-fa60b067b940,7acab85b-c021-4a36-8167-8711f1bc3860,Mother's Contact Number,null,
row89p887ghm,12,2026-06-18T05:13:21.893Z,"{""id"": ""SocketKey_21295_id4cvu""}",,,88401aaa-0f30-46b7-ad51-eace859bdb9c,7acab85b-c021-4a36-8167-8711f1bc3860,Mother's Contact Number,null,
rowze0ivzd0m,13,2026-06-18T05:13:24.932Z,"{""id"": ""SocketKey_21295_id4cvu""}",,,62177c61-4a97-4e98-843d-a7e7b1617161,7acab85b-c021-4a36-8167-8711f1bc3860,Mother's Contact Number,+91- 9407566907 (Teekadevi),
rowrej8vcnc8,14,2026-06-18T05:13:27.928Z,"{""id"": ""SocketKey_21295_id4cvu""}",,,c9b58a0b-71d5-4f9f-ab44-536cf413a057,7acab85b-c021-4a36-8167-8711f1bc3860,Mother's Contact Number,null,
row5bs3c50m1,15,2026-06-18T05:13:31.005Z,"{""id"": ""SocketKey_21295_id4cvu""}",,,89fcd7b4-fc06-4806-9b37-a42a9f2fca2b,7acab85b-c021-4a36-8167-8711f1bc3860,Mother's Contact Number,+91- 7974744837 (Sangeeta Panwar),
rowt3n1915ee,16,2026-06-18T05:13:33.823Z,"{""id"": ""SocketKey_21295_id4cvu""}",,,20cbb226-b78e-44c0-8e1d-63be800a3be1,7acab85b-c021-4a36-8167-8711f1bc3860,Mother's Contact Number,null,
row8jm5duobc,17,2026-06-18T05:13:36.827Z,"{""id"": ""SocketKey_21295_id4cvu""}",,,10ec8902-9341-4151-9e4d-b054ac9d122e,7acab85b-c021-4a36-8167-8711f1bc3860,Mother's Contact Number,null,
row3ky6zemi8,18,2026-06-18T05:13:39.907Z,"{""id"": ""SocketKey_21295_id4cvu""}",,,1e5bff18-2372-4b75-9efb-1b284125ff5b,7acab85b-c021-4a36-8167-8711f1bc3860,Mother's Contact Number,null,
rowjcl3cw58k,19,2026-06-18T05:13:42.906Z,"{""id"": ""SocketKey_21295_id4cvu""}",,,3c1a94d7-21a7-47bf-b9ed-4251099667e0,7acab85b-c021-4a36-8167-8711f1bc3860,Mother's Contact Number,null,
rowvgxmx3c0d,20,2026-06-18T05:13:45.928Z,"{""id"": ""SocketKey_21295_id4cvu""}",,,7afc2b48-cffb-4aa4-a543-30fa7e4e2640,7acab85b-c021-4a36-8167-8711f1bc3860,Mother's Contact Number,null,
rowsjm2t4q8k,21,2026-06-18T05:13:48.997Z,"{""id"": ""SocketKey_21295_id4cvu""}",,,974192d8-e4f7-41e5-ab15-e86f56fc5189,7acab85b-c021-4a36-8167-8711f1bc3860,Mother's Contact Number,null,
rowgbatybegw,22,2026-06-18T05:13:52.046Z,"{""id"": ""SocketKey_21295_id4cvu""}",,,2dbe26e1-930e-4bb2-85e8-1fc4c506412c,7acab85b-c021-4a36-8167-8711f1bc3860,Mother's Contact Number,null,
row2kzt1bw2i,23,2026-06-18T05:13:55.068Z,"{""id"": ""SocketKey_21295_id4cvu""}",,,56ef5f4b-3fe6-4932-a0d1-918c8d44983e,7acab85b-c021-4a36-8167-8711f1bc3860,Mother's Contact Number,null,
rowm1nrz8pva,24,2026-06-18T05:13:58.102Z,"{""id"": ""SocketKey_21295_id4cvu""}",,,5e5569fa-e5c3-4415-93b3-0ce52fe34c1e,7acab85b-c021-4a36-8167-8711f1bc3860,Mother's Contact Number,null,
row0324dy02q,25,2026-06-18T05:14:01.124Z,"{""id"": ""SocketKey_21295_id4cvu""}",,,6ddf5bd9-5cd3-4f9e-8c61-f4001a15e21a,7acab85b-c021-4a36-8167-8711f1bc3860,Mother's Contact Number,null,
rowzc1lyrb29,26,2026-06-18T05:14:04.155Z,"{""id"": ""SocketKey_21295_id4cvu""}",,,00abafad-7d38-4c54-937a-9dfb18b6694f,7acab85b-c021-4a36-8167-8711f1bc3860,Mother's Contact Number,null,
rowc8vg24mr7,27,2026-06-18T05:14:07.163Z,"{""id"": ""SocketKey_21295_id4cvu""}",,,0c1d4647-1631-4d3d-9f87-96e4c771fe78,7acab85b-c021-4a36-8167-8711f1bc3860,Mother's Contact Number,null,
rowm9jx8u4vy,28,2026-06-18T05:14:10.153Z,"{""id"": ""SocketKey_21295_id4cvu""}",,,7f03b875-b979-4553-b2bd-52205c2adbb0,7acab85b-c021-4a36-8167-8711f1bc3860,Mother's Contact Number,null,
row2hirj7nse,29,2026-06-18T05:14:13.213Z,"{""id"": ""SocketKey_21295_id4cvu""}",,,e07373cd-b5e8-4ce8-8459-f26e550bfbe6,7acab85b-c021-4a36-8167-8711f1bc3860,Mother's Contact Number,null,
rowxaosqot73,30,2026-06-18T05:14:16.483Z,"{""id"": ""SocketKey_21295_id4cvu""}",,,dbdba656-030c-4c8d-bfcc-0d94e325befb,7acab85b-c021-4a36-8167-8711f1bc3860,Mother's Contact Number,null,
rowddqxa6dk5,31,2026-06-18T05:14:19.351Z,"{""id"": ""SocketKey_21295_id4cvu""}",,,10a3c7b9-a02a-4500-a513-3e6d1c074188,7acab85b-c021-4a36-8167-8711f1bc3860,Mother's Contact Number,null,
rowzks1ocg40,32,2026-06-18T05:14:22.346Z,"{""id"": ""SocketKey_21295_id4cvu""}",,,9cf23354-5042-4639-ab9e-be7ac3e760cc,7acab85b-c021-4a36-8167-8711f1bc3860,Mother's Contact Number,null,
rowve4mqb5ko,33,2026-06-18T05:14:25.355Z,"{""id"": ""SocketKey_21295_id4cvu""}",,,bebb7aa4-93e4-4408-ae24-f89c4cbc4b06,7acab85b-c021-4a36-8167-8711f1bc3860,Mother's Contact Number,null,
rowefe331cdf,34,2026-06-18T05:14:28.521Z,"{""id"": ""SocketKey_21295_id4cvu""}",,,7b0350e2-21ec-45ca-a7bc-539d4c9c829c,7acab85b-c021-4a36-8167-8711f1bc3860,Mother's Contact Number,null,
rowbfx5ezgtz,35,2026-06-18T05:14:31.504Z,"{""id"": ""SocketKey_21295_id4cvu""}",,,ad126374-bfc4-4342-9ba9-5e0aa4ee391d,7acab85b-c021-4a36-8167-8711f1bc3860,Mother's Contact Number,null,
row32a4vwgvd,36,2026-06-18T05:14:34.665Z,"{""id"": ""SocketKey_21295_id4cvu""}",,,104d8378-1580-4bec-b66f-e5f5de62ef08,7acab85b-c021-4a36-8167-8711f1bc3860,Mother's Contact Number,null,
rowo8h7a0f2v,37,2026-06-18T05:14:37.702Z,"{""id"": ""SocketKey_21295_id4cvu""}",,,9da797c6-ad11-48b5-acc4-89341c984deb,7acab85b-c021-4a36-8167-8711f1bc3860,Mother's Contact Number,+91- 8827589438 (Meena Solanki),
row6r3fgoj0f,38,2026-06-18T05:14:40.742Z,"{""id"": ""SocketKey_21295_id4cvu""}",,,fb2894f2-b53f-4e0e-a527-e13cdd445f45,7acab85b-c021-4a36-8167-8711f1bc3860,Mother's Contact Number,null,
rowvgwr3389i,39,2026-06-18T05:14:43.497Z,"{""id"": ""SocketKey_21295_id4cvu""}",,,4cddba4c-b126-4bc3-9435-9a42d5ff6891,7acab85b-c021-4a36-8167-8711f1bc3860,Mother's Contact Number,+91- 7415614342 (Suman Pardeshi),
rowpv4m52fqz,40,2026-06-18T05:14:46.582Z,"{""id"": ""SocketKey_21295_id4cvu""}",,,b1788da0-8002-42cb-98ba-39a2db7cb5f5,7acab85b-c021-4a36-8167-8711f1bc3860,Mother's Contact Number,null,
rowjuh5nemn5,41,2026-06-18T05:14:49.763Z,"{""id"": ""SocketKey_21295_id4cvu""}",,,020eaac9-f343-4e64-94ce-6fe1ef1b31a7,7acab85b-c021-4a36-8167-8711f1bc3860,Mother's Contact Number,null,
rowa6oqrny6z,42,2026-06-18T05:14:52.577Z,"{""id"": ""SocketKey_21295_id4cvu""}",,,62759d33-6ffd-4954-a0ab-b0143befe3c4,7acab85b-c021-4a36-8167-8711f1bc3860,Mother's Contact Number,null,
row8o3djvdcs,43,2026-06-18T05:14:55.885Z,"{""id"": ""SocketKey_21295_id4cvu""}",,,e9f7c0e2-debe-4526-a88a-f2609c6fa46d,7acab85b-c021-4a36-8167-8711f1bc3860,Mother's Contact Number,null,
rowkkcbdxk0v,44,2026-06-18T05:14:58.782Z,"{""id"": ""SocketKey_21295_id4cvu""}",,,39be1905-4d8d-44a4-9901-b06dc592b809,7acab85b-c021-4a36-8167-8711f1bc3860,Mother's Contact Number,null,
rownkjbpiagl,45,2026-06-18T05:15:02.189Z,"{""id"": ""SocketKey_21295_id4cvu""}",,,dc119b8f-fce9-4ef6-9b35-7a314d53edf0,7acab85b-c021-4a36-8167-8711f1bc3860,Mother's Contact Number,+91- 9826091701 (Sangeeta Gurjar),
rowmdhki23f4,46,2026-06-18T05:15:05.147Z,"{""id"": ""SocketKey_21295_id4cvu""}",,,3afe59f3-30ad-429b-88b2-832a3e8eabba,7acab85b-c021-4a36-8167-8711f1bc3860,Mother's Contact Number,null,
rowcg4hvm41c,47,2026-06-18T05:16:51.477Z,"{""id"": ""SocketKey_21295_id4cvu""}",,,22da8fa9-b8f0-467c-8dc8-8ddd31de84fc,7acab85b-c021-4a36-8167-8711f1bc3860,Mother's Contact Number,null,
row0g8hhhv4h,48,2026-06-18T05:16:51.994Z,"{""id"": ""SocketKey_21295_id4cvu""}",,,2d0bbfc1-fe80-44f6-a494-0ea256b84ad7,7acab85b-c021-4a36-8167-8711f1bc3860,Mother's Contact Number,+91- 9522700925 (Seema Bhange),
rowdgo9j6sf7,49,2026-06-18T05:16:52.736Z,"{""id"": ""SocketKey_21295_id4cvu""}",,,e80d1ec6-1236-422d-b2b0-68457e0e05a9,7acab85b-c021-4a36-8167-8711f1bc3860,Mother's Contact Number,+91- 6269023035 (Sangeeta Jatav),
row9svq6pglk,50,2026-06-18T05:16:53.486Z,"{""id"": ""SocketKey_21295_id4cvu""}",,,fa59cbe7-6309-43a9-bc10-6b2c5cc951e9,7acab85b-c021-4a36-8167-8711f1bc3860,Mother's Contact Number,null,
rowco93llkbq,51,2026-06-18T05:16:54.186Z,"{""id"": ""SocketKey_21295_id4cvu""}",,,e3dba1c0-3ae1-4919-9398-0faa97557b12,7acab85b-c021-4a36-8167-8711f1bc3860,Mother's Contact Number,null,
rowx6cx7l0bj,52,2026-06-18T05:16:54.291Z,"{""id"": ""SocketKey_21295_id4cvu""}",,,e9b46ba3-8b63-4e06-8945-106362bb9b65,7acab85b-c021-4a36-8167-8711f1bc3860,Mother's Contact Number,null,
rowagjjudldw,53,2026-06-18T05:16:55.700Z,"{""id"": ""SocketKey_21295_id4cvu""}",,,9481b11a-c15e-4638-9047-9b9685d15b17,7acab85b-c021-4a36-8167-8711f1bc3860,Mother's Contact Number,null,
rowt00xnk3p0,54,2026-06-18T05:16:55.814Z,"{""id"": ""SocketKey_21295_id4cvu""}",,,a4cdf9d6-f3e8-413a-a3c7-370e49827a1e,7acab85b-c021-4a36-8167-8711f1bc3860,Mother's Contact Number,null,
rowvaqg9r9lx,55,2026-06-18T05:16:56.088Z,"{""id"": ""SocketKey_21295_id4cvu""}",,,f460e2f4-b58b-4d46-b3d8-8adb571563ed,7acab85b-c021-4a36-8167-8711f1bc3860,Mother's Contact Number,null,
row5zdfrmuwd,56,2026-06-18T05:16:56.596Z,"{""id"": ""SocketKey_21295_id4cvu""}",,,25765acf-bb49-4ed1-9f6f-2418951dfe84,7acab85b-c021-4a36-8167-8711f1bc3860,Mother's Contact Number,null,
row2r1qtxqgd,57,2026-06-18T05:16:56.898Z,"{""id"": ""SocketKey_21295_id4cvu""}",,,92c1967f-75b9-43c4-ac89-19a00145d4c6,7acab85b-c021-4a36-8167-8711f1bc3860,Mother's Contact Number,+91- 8602258091 (Annapurna Devi Namdeo),
rowap55go3l0,58,2026-06-18T05:16:56.902Z,"{""id"": ""SocketKey_21295_id4cvu""}",,,994270a5-59eb-4742-9b38-ba54c2ab69ae,7acab85b-c021-4a36-8167-8711f1bc3860,Mother's Contact Number,null,
rowjbbmpi0w9,59,2026-06-18T05:16:57.598Z,"{""id"": ""SocketKey_21295_id4cvu""}",,,91d776ce-88ab-406d-b862-b831f75c1076,7acab85b-c021-4a36-8167-8711f1bc3860,Mother's Contact Number,null,
rowv6ykuxkxt,60,2026-06-18T05:16:58.002Z,"{""id"": ""SocketKey_21295_id4cvu""}",,,a9c828f5-7861-472b-bace-0e1c8896f63b,7acab85b-c021-4a36-8167-8711f1bc3860,Mother's Contact Number,null,
rowzjqacw5xr,61,2026-06-18T05:16:58.181Z,"{""id"": ""SocketKey_21295_id4cvu""}",,,f03f12fd-648f-4748-ba0d-fe111484d3d2,7acab85b-c021-4a36-8167-8711f1bc3860,Mother's Contact Number,+91- 8103014646 (Muskan Mulani),
rowf61wtew46,62,2026-06-18T05:16:58.272Z,"{""id"": ""SocketKey_21295_id4cvu""}",,,4ad00720-2e5f-4b49-a98f-98d18033a499,7acab85b-c021-4a36-8167-8711f1bc3860,Mother's Contact Number,null,
rowb6skiwcqj,63,2026-06-18T05:16:58.551Z,"{""id"": ""SocketKey_21295_id4cvu""}",,,850fb008-93c7-4f35-8301-e88c992d5592,7acab85b-c021-4a36-8167-8711f1bc3860,Mother's Contact Number,null,
rowmpu4h4h3a,64,2026-06-18T05:16:58.873Z,"{""id"": ""SocketKey_21295_id4cvu""}",,,b6917f64-40ba-4435-9930-badb673e068f,7acab85b-c021-4a36-8167-8711f1bc3860,Mother's Contact Number,null,
rowk50fbdv4h,65,2026-06-18T05:16:59.188Z,"{""id"": ""SocketKey_21295_id4cvu""}",,,791f9b23-68e5-4d70-ba11-437fd4ecdd3d,7acab85b-c021-4a36-8167-8711f1bc3860,Mother's Contact Number,null,
row8leo0hauf,66,2026-06-18T05:16:59.894Z,"{""id"": ""SocketKey_21295_id4cvu""}",,,8fa5fe64-b304-4b9c-9f26-a4376dedae1c,7acab85b-c021-4a36-8167-8711f1bc3860,Mother's Contact Number,null,
rowu8u6p8725,67,2026-06-18T05:17:00.190Z,"{""id"": ""SocketKey_21295_id4cvu""}",,,eda8ef1d-5f9d-431a-8331-4d2b94dcd486,7acab85b-c021-4a36-8167-8711f1bc3860,Mother's Contact Number,null,
row0m8iqkohb,68,2026-06-18T05:17:00.230Z,"{""id"": ""SocketKey_21295_id4cvu""}",,,432e7af2-928d-4698-bf02-d5b6639868d5,7acab85b-c021-4a36-8167-8711f1bc3860,Mother's Contact Number,null,
rowh7fnjrpg2,69,2026-06-18T05:17:00.294Z,"{""id"": ""SocketKey_21295_id4cvu""}",,,14c93c3e-9c7a-4f85-a4e1-16011deddd74,7acab85b-c021-4a36-8167-8711f1bc3860,Mother's Contact Number,+91- 7987211473 (Rekha Parwal),
rowkecyfxygp,70,2026-06-18T05:17:00.620Z,"{""id"": ""SocketKey_21295_id4cvu""}",,,ba648063-8894-4c14-83a5-b1e98153b514,7acab85b-c021-4a36-8167-8711f1bc3860,Mother's Contact Number,null,
rowfhe6n9tk6,71,2026-06-18T05:17:01.010Z,"{""id"": ""SocketKey_21295_id4cvu""}",,,2eea4304-03e1-462d-a1b5-c14e68d62640,7acab85b-c021-4a36-8167-8711f1bc3860,Mother's Contact Number,null,
rowogxlpbeyz,72,2026-06-18T05:17:01.788Z,"{""id"": ""SocketKey_21295_id4cvu""}",,,7ba8e476-4af1-4f2c-b458-5d28dbe240cb,7acab85b-c021-4a36-8167-8711f1bc3860,Mother's Contact Number,null,
row748eud7rw,73,2026-06-18T05:17:02.392Z,"{""id"": ""SocketKey_21295_id4cvu""}",,,8c069606-39da-44fe-9b26-1d3e080906df,7acab85b-c021-4a36-8167-8711f1bc3860,Mother's Contact Number,null,
rowiv96bvmnr,74,2026-06-18T05:17:02.516Z,"{""id"": ""SocketKey_21295_id4cvu""}",,,e19417d6-e534-4ae2-bc28-dbbcd3db54f4,7acab85b-c021-4a36-8167-8711f1bc3860,Mother's Contact Number,null,
rowbrx6b7zrb,75,2026-06-18T05:17:02.856Z,"{""id"": ""SocketKey_21295_id4cvu""}",,,3f4e9eea-39ae-41c8-bf41-a6c11cfe34ad,7acab85b-c021-4a36-8167-8711f1bc3860,Mother's Contact Number,null,
rowuehoxo14o,76,2026-06-18T05:17:02.898Z,"{""id"": ""SocketKey_21295_id4cvu""}",,,c1148f3c-86d0-4049-ac7c-9c00c618748b,7acab85b-c021-4a36-8167-8711f1bc3860,Mother's Contact Number,null,
rowjbvgm6tsh,77,2026-06-18T05:17:02.919Z,"{""id"": ""SocketKey_21295_id4cvu""}",,,9c5178ac-56ed-4736-b7d1-0f784dc40227,7acab85b-c021-4a36-8167-8711f1bc3860,Mother's Contact Number,null,
rowv6hu6s24d,78,2026-06-18T05:17:02.990Z,"{""id"": ""SocketKey_21295_id4cvu""}",,,1279587c-3d0b-4896-8bea-28a71b12272b,7acab85b-c021-4a36-8167-8711f1bc3860,Mother's Contact Number,Yashomati- 9202542432,
row11co3j7tb,79,2026-06-18T05:17:03.087Z,"{""id"": ""SocketKey_21295_id4cvu""}",,,6d540bca-90ff-43a3-a428-581a15c66903,7acab85b-c021-4a36-8167-8711f1bc3860,Mother's Contact Number,null,
rowq59drwqqb,80,2026-06-18T05:17:03.354Z,"{""id"": ""SocketKey_21295_id4cvu""}",,,dbe957ea-b4cd-4b9e-832d-380380b9d85b,7acab85b-c021-4a36-8167-8711f1bc3860,Mother's Contact Number,null,
row04vil0uoe,81,2026-06-18T05:17:03.683Z,"{""id"": ""SocketKey_21295_id4cvu""}",,,45383ecc-0a87-4009-962d-44408f2c3742,7acab85b-c021-4a36-8167-8711f1bc3860,Mother's Contact Number,null,
rowepd5kfygz,82,2026-06-18T05:17:03.789Z,"{""id"": ""SocketKey_21295_id4cvu""}",,,2c0bf625-be6a-4b89-936f-1dd917c5b0f8,7acab85b-c021-4a36-8167-8711f1bc3860,Mother's Contact Number,null,
rowpb5wkeodv,83,2026-06-18T05:17:04.095Z,"{""id"": ""SocketKey_21295_id4cvu""}",,,38dadfea-4929-47a6-a1dc-280c39df777e,7acab85b-c021-4a36-8167-8711f1bc3860,Mother's Contact Number,null,
row24meqxdxf,84,2026-06-18T05:17:04.363Z,"{""id"": ""SocketKey_21295_id4cvu""}",,,8cd30343-5b76-4a00-8a61-f686947de030,7acab85b-c021-4a36-8167-8711f1bc3860,Mother's Contact Number,null,
rowzyobbbn4w,85,2026-06-18T05:17:04.625Z,"{""id"": ""SocketKey_21295_id4cvu""}",,,2046c59f-b6cd-408a-889f-c74fc606d225,7acab85b-c021-4a36-8167-8711f1bc3860,Mother's Contact Number,null,
rowmyouizdwl,86,2026-06-18T05:17:06.076Z,"{""id"": ""SocketKey_21295_id4cvu""}",,,ab15a741-813d-41ec-b01e-3b8c673d89fc,7acab85b-c021-4a36-8167-8711f1bc3860,Mother's Contact Number,null,
rowz4af8e23h,87,2026-06-18T05:17:09.004Z,"{""id"": ""SocketKey_21295_id4cvu""}",,,494271c8-204e-4273-a090-f7daa5b1e33e,7acab85b-c021-4a36-8167-8711f1bc3860,Mother's Contact Number,null,
rowxip7sp6er,88,2026-06-18T05:17:11.991Z,"{""id"": ""SocketKey_21295_id4cvu""}",,,89389c8e-2714-4c08-96a0-22fa079dc221,7acab85b-c021-4a36-8167-8711f1bc3860,Mother's Contact Number,+91- 8720011636 (Rashmi Yadav),
rowjpmh840jd,89,2026-06-18T05:17:15.063Z,"{""id"": ""SocketKey_21295_id4cvu""}",,,5830d54b-0819-410a-b9b5-a9902127d016,7acab85b-c021-4a36-8167-8711f1bc3860,Mother's Contact Number,null,
rowt7v7urm4u,90,2026-06-18T05:17:18.078Z,"{""id"": ""SocketKey_21295_id4cvu""}",,,d7a87248-94fe-466d-aa33-5cf2c90f48c2,7acab85b-c021-4a36-8167-8711f1bc3860,Mother's Contact Number,null,
row7xrkg5zu3,91,2026-06-18T05:17:21.128Z,"{""id"": ""SocketKey_21295_id4cvu""}",,,0c2aae2a-831c-45d2-beec-456885c0b586,7acab85b-c021-4a36-8167-8711f1bc3860,Mother's Contact Number,null,
rowa1owxkzh3,92,2026-06-18T05:17:24.129Z,"{""id"": ""SocketKey_21295_id4cvu""}",,,e946887e-1adf-45bf-8dfc-59687fa57b69,7acab85b-c021-4a36-8167-8711f1bc3860,Mother's Contact Number,null,
rowzo1g1cgrx,93,2026-06-18T05:17:27.198Z,"{""id"": ""SocketKey_21295_id4cvu""}",,,6ca10bb5-3000-471c-8b0c-c564d51bd38c,7acab85b-c021-4a36-8167-8711f1bc3860,Mother's Contact Number,null,
rowap4roq6yf,94,2026-06-18T05:17:30.229Z,"{""id"": ""SocketKey_21295_id4cvu""}",,,70d2d433-21d9-4e7a-9df2-e749ca5c8e55,7acab85b-c021-4a36-8167-8711f1bc3860,Mother's Contact Number,null,
rowa35uyt72d,95,2026-06-18T05:17:33.280Z,"{""id"": ""SocketKey_21295_id4cvu""}",,,f9a0eee5-6e92-4144-9b4a-9d0a923ae21e,7acab85b-c021-4a36-8167-8711f1bc3860,Mother's Contact Number,null,
row6oklo5xvt,96,2026-06-18T05:17:36.353Z,"{""id"": ""SocketKey_21295_id4cvu""}",,,1aba0c38-2d88-48d4-82a2-f53f080da857,7acab85b-c021-4a36-8167-8711f1bc3860,Mother's Contact Number,+91- 7746846675 (Pooja Kukreja),
row7k6ddn4ii,97,2026-06-18T05:17:39.263Z,"{""id"": ""SocketKey_21295_id4cvu""}",,,3b45df67-7db0-4508-878c-14a817dc496f,7acab85b-c021-4a36-8167-8711f1bc3860,Mother's Contact Number,null,
rowwqpnjuayo,98,2026-06-18T05:17:42.393Z,"{""id"": ""SocketKey_21295_id4cvu""}",,,f33b8daa-4ad8-4ca5-8e73-10bc48f6bbf2,7acab85b-c021-4a36-8167-8711f1bc3860,Mother's Contact Number,null,
rowyaavcatwn,99,2026-06-18T05:17:45.344Z,"{""id"": ""SocketKey_21295_id4cvu""}",,,4f96028c-bc90-4a0c-bdc2-2fd423720595,7acab85b-c021-4a36-8167-8711f1bc3860,Mother's Contact Number,null,
row68dpzh14i,100,2026-06-18T05:17:48.338Z,"{""id"": ""SocketKey_21295_id4cvu""}",,,37255dbc-3024-4e90-aaf9-0a82597b7326,7acab85b-c021-4a36-8167-8711f1bc3860,Mother's Contact Number,null,
row8m7ymbrs3,101,2026-06-18T05:17:51.441Z,"{""id"": ""SocketKey_21295_id4cvu""}",,,c92f82ff-1d7b-49a0-9311-80b409ffb9cc,7acab85b-c021-4a36-8167-8711f1bc3860,Mother's Contact Number,null,
rowsxc3dk3mb,102,2026-06-18T05:17:54.391Z,"{""id"": ""SocketKey_21295_id4cvu""}",,,0e1adad5-98ed-4f5d-b2bd-13ba84302235,7acab85b-c021-4a36-8167-8711f1bc3860,Mother's Contact Number,null,
rowm8wi0x38c,103,2026-06-18T05:17:57.515Z,"{""id"": ""SocketKey_21295_id4cvu""}",,,38d86395-105f-454e-81d9-83abc8736bc1,7acab85b-c021-4a36-8167-8711f1bc3860,Mother's Contact Number,null,
rowptik7jgfq,104,2026-06-18T05:18:00.672Z,"{""id"": ""SocketKey_21295_id4cvu""}",,,d2d0dc86-408f-4f87-b0a9-18d7f9a74e2a,7acab85b-c021-4a36-8167-8711f1bc3860,Mother's Contact Number,null,
rowcsqixzb64,105,2026-06-18T05:18:03.793Z,"{""id"": ""SocketKey_21295_id4cvu""}",,,28dc3544-a248-4e73-aabf-e1a04f63ee5f,7acab85b-c021-4a36-8167-8711f1bc3860,Mother's Contact Number,null,
rowe513kikco,106,2026-06-18T05:18:06.530Z,"{""id"": ""SocketKey_21295_id4cvu""}",,,fd6a17b8-3a52-4eab-a3d2-43eec0c132bf,7acab85b-c021-4a36-8167-8711f1bc3860,Mother's Contact Number,null,
rowr5h1ntb1a,107,2026-06-18T05:18:09.696Z,"{""id"": ""SocketKey_21295_id4cvu""}",,,ac10bbd8-11bb-4e61-8961-bad0b741aa11,7acab85b-c021-4a36-8167-8711f1bc3860,Mother's Contact Number,null,
row0ppng0hps,108,2026-06-18T05:18:12.731Z,"{""id"": ""SocketKey_21295_id4cvu""}",,,09631b29-c371-42db-8cf9-b91ab228f058,7acab85b-c021-4a36-8167-8711f1bc3860,Mother's Contact Number,null,
row33sa8sy2m,109,2026-06-18T05:18:15.593Z,"{""id"": ""SocketKey_21295_id4cvu""}",,,ab8c4764-c7e6-46a1-b567-d4300fe96ac1,7acab85b-c021-4a36-8167-8711f1bc3860,Mother's Contact Number,null,
rowymc8qtps2,110,2026-06-18T05:18:18.627Z,"{""id"": ""SocketKey_21295_id4cvu""}",,,117b2aad-4289-40f4-8be7-7e6444d4b13a,7acab85b-c021-4a36-8167-8711f1bc3860,Mother's Contact Number,null,
rown5rgqfwvw,111,2026-06-18T05:18:21.668Z,"{""id"": ""SocketKey_21295_id4cvu""}",,,f158027c-608e-4942-80c7-af62c4879dac,7acab85b-c021-4a36-8167-8711f1bc3860,Mother's Contact Number,null,
row3cogvratj,112,2026-06-18T05:18:24.885Z,"{""id"": ""SocketKey_21295_id4cvu""}",,,67683def-a943-4f5e-878c-a18c1cff3df1,7acab85b-c021-4a36-8167-8711f1bc3860,Mother's Contact Number,+91- 9039836445 (Dali Rathore),
rowrzqce4h1r,113,2026-06-18T05:18:27.817Z,"{""id"": ""SocketKey_21295_id4cvu""}",,,b7bd7ce9-bfb3-427c-964b-f4708294a364,7acab85b-c021-4a36-8167-8711f1bc3860,Mother's Contact Number,null,
rowgkx11j204,114,2026-06-18T05:18:30.757Z,"{""id"": ""SocketKey_21295_id4cvu""}",,,f834ab1c-343b-44a9-8af6-5e225ff1a9c2,7acab85b-c021-4a36-8167-8711f1bc3860,Mother's Contact Number,null,
rowew55t583c,115,2026-06-18T05:18:33.786Z,"{""id"": ""SocketKey_21295_id4cvu""}",,,cf464445-ac1b-49fe-882e-8ff17376e8ed,7acab85b-c021-4a36-8167-8711f1bc3860,Mother's Contact Number,null,
rowllxnomjg7,116,2026-06-18T05:18:36.873Z,"{""id"": ""SocketKey_21295_id4cvu""}",,,b17ecdbc-7770-439d-811e-487fea2d591f,7acab85b-c021-4a36-8167-8711f1bc3860,Mother's Contact Number,null,
row2xyczexhn,117,2026-06-18T05:18:40.007Z,"{""id"": ""SocketKey_21295_id4cvu""}",,,bd23d5bf-920f-4fbc-aa9f-f5cb4e8f26a7,7acab85b-c021-4a36-8167-8711f1bc3860,Mother's Contact Number,null,
rowaydy2bajt,118,2026-06-18T05:18:43.031Z,"{""id"": ""SocketKey_21295_id4cvu""}",,,5ec03334-9e43-40ac-ae23-ae5b9df4de2f,7acab85b-c021-4a36-8167-8711f1bc3860,Mother's Contact Number,null,
rowswykxsq99,119,2026-06-18T05:18:45.932Z,"{""id"": ""SocketKey_21295_id4cvu""}",,,db83a19b-b03a-49dd-9b74-c02aea31633b,7acab85b-c021-4a36-8167-8711f1bc3860,Mother's Contact Number,null,
rowiarm8gazl,120,2026-06-18T05:18:48.976Z,"{""id"": ""SocketKey_21295_id4cvu""}",,,088b90ff-a006-403c-9d70-7b821a351aa6,7acab85b-c021-4a36-8167-8711f1bc3860,Mother's Contact Number,null,
row1ubh49xq1,121,2026-06-18T05:18:52.089Z,"{""id"": ""SocketKey_21295_id4cvu""}",,,59cdf4af-4a4a-41cd-92d0-309e5d734378,7acab85b-c021-4a36-8167-8711f1bc3860,Mother's Contact Number,null,
row8j5nea5tt,122,2026-06-18T05:18:55.051Z,"{""id"": ""SocketKey_21295_id4cvu""}",,,36f4fc0f-50d9-4bf9-91cc-7ac2eb3da4fd,7acab85b-c021-4a36-8167-8711f1bc3860,Mother's Contact Number,null,
rowhdvabxthw,123,2026-06-18T05:18:58.088Z,"{""id"": ""SocketKey_21295_id4cvu""}",,,bc0f6e01-53e8-45d3-963e-debafdc95ea6,7acab85b-c021-4a36-8167-8711f1bc3860,Mother's Contact Number,null,
rowdm4jt2dmk,124,2026-06-18T05:19:01.164Z,"{""id"": ""SocketKey_21295_id4cvu""}",,,9f679f7f-2431-4333-b03b-4aa261c07b40,7acab85b-c021-4a36-8167-8711f1bc3860,Mother's Contact Number,null,
row1fjhga7ce,125,2026-06-18T05:19:04.114Z,"{""id"": ""SocketKey_21295_id4cvu""}",,,9a67aab0-1095-4fc6-b0c3-615e91506fa5,7acab85b-c021-4a36-8167-8711f1bc3860,Mother's Contact Number,null,
rowj9cw3wn0z,126,2026-06-18T05:19:07.228Z,"{""id"": ""SocketKey_21295_id4cvu""}",,,842a5a4a-cc6f-4d5e-b2da-3d4ece98b7c7,7acab85b-c021-4a36-8167-8711f1bc3860,Mother's Contact Number,null,
rowskrq00vxq,127,2026-06-18T05:19:10.116Z,"{""id"": ""SocketKey_21295_id4cvu""}",,,862783bf-d2ab-42bb-95d2-9d66800973bf,7acab85b-c021-4a36-8167-8711f1bc3860,Mother's Contact Number,null,
rowktxjgrp3b,128,2026-06-18T05:19:13.299Z,"{""id"": ""SocketKey_21295_id4cvu""}",,,3b7b14f6-b493-40d8-8039-5f987fde4204,7acab85b-c021-4a36-8167-8711f1bc3860,Mother's Contact Number,+91- 9755677824 (Neelima Sharma),
rowrvsrn57uv,129,2026-06-18T05:19:16.636Z,"{""id"": ""SocketKey_21295_id4cvu""}",,,b3c2109d-d9b8-4d5f-99be-7f1149e6bc2c,7acab85b-c021-4a36-8167-8711f1bc3860,Mother's Contact Number,+91- 9926504964 (Sangeeta Sahu),
rownfbswe1u9,130,2026-06-18T05:19:19.304Z,"{""id"": ""SocketKey_21295_id4cvu""}",,,908d5dbf-0ca7-4e4d-a132-30e85b794ea5,7acab85b-c021-4a36-8167-8711f1bc3860,Mother's Contact Number,+91- 6265001153 (Sunita),
rowfxr7w2bs7,131,2026-06-18T05:19:22.380Z,"{""id"": ""SocketKey_21295_id4cvu""}",,,84826ef7-c9c1-4f29-bc28-e0f76f5cd41a,7acab85b-c021-4a36-8167-8711f1bc3860,Mother's Contact Number,+91- 9752289399 (Urmila Tiwari),
rowk0fm2kgm7,132,2026-06-18T05:19:25.460Z,"{""id"": ""SocketKey_21295_id4cvu""}",,,cc562f9b-bf31-491f-a3ee-cc649a64e2a5,7acab85b-c021-4a36-8167-8711f1bc3860,Mother's Contact Number,null,
row0fpk7m7dc,133,2026-06-18T05:19:28.423Z,"{""id"": ""SocketKey_21295_id4cvu""}",,,9a53fe10-31dd-4bdb-b717-b4a35acc90a1,7acab85b-c021-4a36-8167-8711f1bc3860,Mother's Contact Number,PRATIBHA - 8817288102,
row4w3mskr5t,134,2026-06-18T05:19:31.343Z,"{""id"": ""SocketKey_21295_id4cvu""}",,,b7d8d74d-f975-4a98-9fdb-5f849c24e690,7acab85b-c021-4a36-8167-8711f1bc3860,Mother's Contact Number,Kavita Raghuwanshi -  7580951078,
row3x9oio105,135,2026-06-18T05:19:34.658Z,"{""id"": ""SocketKey_21295_id4cvu""}",,,095eb92d-97a4-4249-81e2-139d3c737076,7acab85b-c021-4a36-8167-8711f1bc3860,Mother's Contact Number,Rajni Lalawat 9977567044,
row91ya6csxl,136,2026-06-18T05:19:37.434Z,"{""id"": ""SocketKey_21295_id4cvu""}",,,a35ae488-362f-4934-bcb9-abef96de3c51,7acab85b-c021-4a36-8167-8711f1bc3860,Mother's Contact Number,Maya Rane- 8120472901,
rowhe4nqzd3t,137,2026-06-18T05:19:40.543Z,"{""id"": ""SocketKey_21295_id4cvu""}",,,7fc3e02a-e88d-4af2-aaff-36971e5e6590,7acab85b-c021-4a36-8167-8711f1bc3860,Mother's Contact Number,Rajni Patel - 7828363205,
rowsx5mxas60,138,2026-06-18T05:19:43.595Z,"{""id"": ""SocketKey_21295_id4cvu""}",,,d70a9462-c3f5-40b0-bde8-312eb0cd3605,7acab85b-c021-4a36-8167-8711f1bc3860,Mother's Contact Number,Khusboo Bais- 8109458382,
rowthy427iia,139,2026-06-18T05:19:46.595Z,"{""id"": ""SocketKey_21295_id4cvu""}",,,22d4b197-fd9d-4428-82a5-f38ccc809750,7acab85b-c021-4a36-8167-8711f1bc3860,Mother's Contact Number,null,
rowvr5jbcesd,140,2026-06-18T05:19:49.634Z,"{""id"": ""SocketKey_21295_id4cvu""}",,,cd80899a-c9f2-4607-99f8-0e0259ad6b9a,7acab85b-c021-4a36-8167-8711f1bc3860,Mother's Contact Number,null,
rowehqagh5qo,141,2026-06-18T05:19:52.854Z,"{""id"": ""SocketKey_21295_id4cvu""}",,,2786cda0-ac17-42e7-a6e2-4f7d4454374a,7acab85b-c021-4a36-8167-8711f1bc3860,Mother's Contact Number,Uma- 8871796147,
rowg9fveifoz,142,2026-06-18T05:19:55.646Z,"{""id"": ""SocketKey_21295_id4cvu""}",,,a5d58881-743b-432f-a4e7-3527d40003b6,7acab85b-c021-4a36-8167-8711f1bc3860,Mother's Contact Number,null,
rowvfcq4xhou,143,2026-06-18T05:19:58.618Z,"{""id"": ""SocketKey_21295_id4cvu""}",,,c22fb75e-81be-4dac-8d13-119abf131274,7acab85b-c021-4a36-8167-8711f1bc3860,Mother's Contact Number,null,
rowbstjxgj07,144,2026-06-18T05:20:01.898Z,"{""id"": ""SocketKey_21295_id4cvu""}",,,5a56a347-1345-4cb7-92e6-fc5239dcd15b,7acab85b-c021-4a36-8167-8711f1bc3860,Mother's Contact Number,null,
rowmo1sugz0i,145,2026-06-18T05:21:29.180Z,"{""id"": ""SocketKey_21295_id4cvu""}",,,31c547d4-2f91-46d7-a979-116da39122fd,7acab85b-c021-4a36-8167-8711f1bc3860,Mother's Contact Number,null,
rowdfdgbqjx9,146,2026-06-18T05:21:36.263Z,"{""id"": ""SocketKey_21295_id4cvu""}",,,61eb41c9-e7a0-484b-ade6-984aded8ec9e,7acab85b-c021-4a36-8167-8711f1bc3860,Mother's Contact Number,Mrs Bhavana 9826572857,
rowu03i7ofbk,147,2026-06-18T05:21:36.782Z,"{""id"": ""SocketKey_21295_id4cvu""}",,,5353d217-cb34-4255-a980-56542c1a7026,7acab85b-c021-4a36-8167-8711f1bc3860,Mother's Contact Number,null,
rowfj2tdqb94,148,2026-06-18T05:21:37.912Z,"{""id"": ""SocketKey_21295_id4cvu""}",,,edbfa096-ab1c-45bd-86cf-28f598c272ed,7acab85b-c021-4a36-8167-8711f1bc3860,Mother's Contact Number,Mrs. Seema- 9009237592,
rowb237xgitq,149,2026-06-18T05:21:38.180Z,"{""id"": ""SocketKey_21295_id4cvu""}",,,8194c2d6-b2f9-4a85-abd4-bbdfb92589c8,7acab85b-c021-4a36-8167-8711f1bc3860,Mother's Contact Number,Mrs. Jyoti- 9981954380,
rowwkgzf0znu,150,2026-06-18T05:21:39.711Z,"{""id"": ""SocketKey_21295_id4cvu""}",,,87072876-5d85-41d3-b7cb-f3f26315f46e,7acab85b-c021-4a36-8167-8711f1bc3860,Mother's Contact Number,Mrs. Vimlesh- 8889930540,
rowamp2j7mgz,151,2026-06-18T05:21:40.198Z,"{""id"": ""SocketKey_21295_id4cvu""}",,,bfe5ab45-f770-40d9-959b-d688b4550717,7acab85b-c021-4a36-8167-8711f1bc3860,Mother's Contact Number,Mrs. Mamta- 8959024115,
row98gj37y16,152,2026-06-18T05:21:40.305Z,"{""id"": ""SocketKey_21295_id4cvu""}",,,b6e54abe-bf81-4c3e-a458-b4badf2ec5fd,7acab85b-c021-4a36-8167-8711f1bc3860,Mother's Contact Number,Mrs. Manisha- 6265369421,
row0zl7nbubl,153,2026-06-18T05:21:40.425Z,"{""id"": ""SocketKey_21295_id4cvu""}",,,1161b8b0-c04b-47bc-881b-f4339f68c6f8,7acab85b-c021-4a36-8167-8711f1bc3860,Mother's Contact Number,null,
rowaj3z6oom0,154,2026-06-18T05:21:40.686Z,"{""id"": ""SocketKey_21295_id4cvu""}",,,7e540661-f0fd-4480-9446-ad704c202e6a,7acab85b-c021-4a36-8167-8711f1bc3860,Mother's Contact Number,null,
rowlo3n2sb53,155,2026-06-18T05:21:40.804Z,"{""id"": ""SocketKey_21295_id4cvu""}",,,a0e20bb3-9f50-481f-8e28-1ab9386c8ef3,7acab85b-c021-4a36-8167-8711f1bc3860,Mother's Contact Number,null,
row9um4fjhx9,156,2026-06-18T05:21:41.343Z,"{""id"": ""SocketKey_21295_id4cvu""}",,,9ac60236-4dfa-4c90-857b-25be48a8f458,7acab85b-c021-4a36-8167-8711f1bc3860,Mother's Contact Number,Mrs. Anita- 9575150881,
rowwxwa14pdg,157,2026-06-18T05:21:41.628Z,"{""id"": ""SocketKey_21295_id4cvu""}",,,f6bd87c9-af3c-4c7e-b411-7c1bc72895ad,7acab85b-c021-4a36-8167-8711f1bc3860,Mother's Contact Number,null,
rowcfgs6tdxw,158,2026-06-18T05:21:42.287Z,"{""id"": ""SocketKey_21295_id4cvu""}",,,2da68876-0ef4-4463-91e9-b6d6400763a1,7acab85b-c021-4a36-8167-8711f1bc3860,Mother's Contact Number,null,
rowh7mncvan5,159,2026-06-18T05:21:42.593Z,"{""id"": ""SocketKey_21295_id4cvu""}",,,8c671740-ffcc-46b2-a207-f6b834135728,7acab85b-c021-4a36-8167-8711f1bc3860,Mother's Contact Number,null,
rowt31ytgli2,160,2026-06-18T05:21:42.593Z,"{""id"": ""SocketKey_21295_id4cvu""}",,,c0d1ad86-1620-4753-8dbe-4ed9ba4ecb12,7acab85b-c021-4a36-8167-8711f1bc3860,Mother's Contact Number,null,
rowd7e8o84vk,161,2026-06-18T05:21:42.834Z,"{""id"": ""SocketKey_21295_id4cvu""}",,,1c9b2424-db06-4eca-b405-08f6eb834d33,7acab85b-c021-4a36-8167-8711f1bc3860,Mother's Contact Number,null,
row1w235m3qt,162,2026-06-18T05:21:42.838Z,"{""id"": ""SocketKey_21295_id4cvu""}",,,84a7d79e-d0a6-4b0b-bc37-46bc84864f09,7acab85b-c021-4a36-8167-8711f1bc3860,Mother's Contact Number,null,
row8d9f0njsg,163,2026-06-18T05:21:43.604Z,"{""id"": ""SocketKey_21295_id4cvu""}",,,0cf4593e-ddcc-488f-a384-e84ef912c7f8,7acab85b-c021-4a36-8167-8711f1bc3860,Mother's Contact Number,null,
rowjhocp8kir,164,2026-06-18T05:21:43.790Z,"{""id"": ""SocketKey_21295_id4cvu""}",,,98c5bea6-42ee-40ff-b880-bdae5b7f111c,7acab85b-c021-4a36-8167-8711f1bc3860,Mother's Contact Number,null,
row3uifyr6p8,165,2026-06-18T05:21:44.101Z,"{""id"": ""SocketKey_21295_id4cvu""}",,,af5594a7-e375-441f-b233-8d2d4599fa1d,7acab85b-c021-4a36-8167-8711f1bc3860,Mother's Contact Number,null,
row6ix0kim23,166,2026-06-18T05:21:44.182Z,"{""id"": ""SocketKey_21295_id4cvu""}",,,eba66fb1-835c-4f92-ab79-b56cee174034,7acab85b-c021-4a36-8167-8711f1bc3860,Mother's Contact Number,null,
rowsa65r1n9z,167,2026-06-18T05:21:44.480Z,"{""id"": ""SocketKey_21295_id4cvu""}",,,af419384-1b41-4d74-99e3-6649c96673bd,7acab85b-c021-4a36-8167-8711f1bc3860,Mother's Contact Number,null,
rowtrety8we5,168,2026-06-18T05:21:44.983Z,"{""id"": ""SocketKey_21295_id4cvu""}",,,58c79f6f-a4e0-4b9a-9f81-abde63d55a20,7acab85b-c021-4a36-8167-8711f1bc3860,Mother's Contact Number,null,
rowt2tki57oz,169,2026-06-18T05:21:45.404Z,"{""id"": ""SocketKey_21295_id4cvu""}",,,749563fa-ba5d-4b93-8d02-bf2d93793d9d,7acab85b-c021-4a36-8167-8711f1bc3860,Mother's Contact Number,null,
rowje3uay62f,170,2026-06-18T05:21:45.430Z,"{""id"": ""SocketKey_21295_id4cvu""}",,,e8d96d63-9095-420a-8e2c-179fd976a292,7acab85b-c021-4a36-8167-8711f1bc3860,Mother's Contact Number,null,
rowcqar021j4,171,2026-06-18T05:21:45.489Z,"{""id"": ""SocketKey_21295_id4cvu""}",,,b93ea5b5-02a9-458a-a736-8bc38c3a7a32,7acab85b-c021-4a36-8167-8711f1bc3860,Mother's Contact Number,null,
rowthffholl5,172,2026-06-18T05:21:45.579Z,"{""id"": ""SocketKey_21295_id4cvu""}",,,f337c270-af0d-489a-8662-e414ce95674b,7acab85b-c021-4a36-8167-8711f1bc3860,Mother's Contact Number,+91- 9425027541 (Madhuri Hingne),
rowj07s5udq8,173,2026-06-18T05:21:46.160Z,"{""id"": ""SocketKey_21295_id4cvu""}",,,c81c695a-f492-47f6-bc4a-a5baa34c898b,7acab85b-c021-4a36-8167-8711f1bc3860,Mother's Contact Number,null,
row97al5dkvd,174,2026-06-18T05:21:46.225Z,"{""id"": ""SocketKey_21295_id4cvu""}",,,f6332867-4619-47cb-8218-9ceb64c11207,7acab85b-c021-4a36-8167-8711f1bc3860,Mother's Contact Number,null,
rown6tw0w50m,175,2026-06-18T05:21:46.859Z,"{""id"": ""SocketKey_21295_id4cvu""}",,,9b36129e-2b42-4006-9911-800a96a3f0b4,7acab85b-c021-4a36-8167-8711f1bc3860,Mother's Contact Number,null,
rowb5xsccbc6,176,2026-06-18T05:21:47.150Z,"{""id"": ""SocketKey_21295_id4cvu""}",,,04b12da5-4814-407d-840d-c9f6a5b4c21b,7acab85b-c021-4a36-8167-8711f1bc3860,Mother's Contact Number,null,
rowhkaw63nun,177,2026-06-18T05:21:47.453Z,"{""id"": ""SocketKey_21295_id4cvu""}",,,0cf3306c-419b-4625-a369-300be0c895e3,7acab85b-c021-4a36-8167-8711f1bc3860,Mother's Contact Number,null,
rowzhzutklde,178,2026-06-18T05:21:47.581Z,"{""id"": ""SocketKey_21295_id4cvu""}",,,7635b493-7423-459d-a7ed-37de81c90910,7acab85b-c021-4a36-8167-8711f1bc3860,Mother's Contact Number,null,
rowkxio6mpqd,179,2026-06-18T05:21:47.901Z,"{""id"": ""SocketKey_21295_id4cvu""}",,,8a68183d-84d9-4731-9cfb-9354be1e448f,7acab85b-c021-4a36-8167-8711f1bc3860,Mother's Contact Number,null,
rowtkfg3q7xm,180,2026-06-18T05:21:50.959Z,"{""id"": ""SocketKey_21295_id4cvu""}",,,d8be94fb-8cef-4c30-a303-50716e670b51,7acab85b-c021-4a36-8167-8711f1bc3860,Mother's Contact Number,+91- 9926859611 (Meena Dhiman),
row1kvkdzs2j,181,2026-06-18T05:21:54.019Z,"{""id"": ""SocketKey_21295_id4cvu""}",,,bc8e2cbb-20cf-4997-877c-9adb383b6683,7acab85b-c021-4a36-8167-8711f1bc3860,Mother's Contact Number,null,
rowgqyilnw62,182,2026-06-18T05:21:57.172Z,"{""id"": ""SocketKey_21295_id4cvu""}",,,63a94e8a-4335-4a9c-891c-f5ed73fd7f39,7acab85b-c021-4a36-8167-8711f1bc3860,Mother's Contact Number,null,
rowp8jgji2qo,183,2026-06-18T05:22:00.306Z,"{""id"": ""SocketKey_21295_id4cvu""}",,,3fe6bf04-1b50-4560-8bc5-af3d90e4657b,7acab85b-c021-4a36-8167-8711f1bc3860,Mother's Contact Number,+91- 9111370936 (Shahana Bee),
rowaj2yxamio,184,2026-06-18T05:22:29.447Z,"{""id"": ""SocketKey_21295_id4cvu""}",,,2c84748c-d174-4fe7-b002-47a8a8ddf375,7acab85b-c021-4a36-8167-8711f1bc3860,Mother's Contact Number,null,
row938jc4a4h,185,2026-06-18T05:22:32.172Z,"{""id"": ""SocketKey_21295_id4cvu""}",,,afe8c10b-9180-49d6-8c5f-009f6a749d74,7acab85b-c021-4a36-8167-8711f1bc3860,Mother's Contact Number,null,
rowi327no9gv,186,2026-06-18T05:22:32.512Z,"{""id"": ""SocketKey_21295_id4cvu""}",,,d99822c3-68d2-455b-8fbe-ddd4771651eb,7acab85b-c021-4a36-8167-8711f1bc3860,Mother's Contact Number,null,
rowen22r5zry,187,2026-06-18T05:22:32.713Z,"{""id"": ""SocketKey_21295_id4cvu""}",,,4d8b0c76-bc09-4726-b12e-a2d1d331d81c,7acab85b-c021-4a36-8167-8711f1bc3860,Mother's Contact Number,null,
rowab7ciy348,188,2026-06-18T05:22:34.207Z,"{""id"": ""SocketKey_21295_id4cvu""}",,,f9d71c8b-bcb4-4731-9ee1-e02839c734ee,7acab85b-c021-4a36-8167-8711f1bc3860,Mother's Contact Number,null,
rowzzumks80x,189,2026-06-18T05:22:35.428Z,"{""id"": ""SocketKey_21295_id4cvu""}",,,474672b8-9ceb-47cc-a019-e5df6df6c149,7acab85b-c021-4a36-8167-8711f1bc3860,Mother's Contact Number,null,
rowvwsxiy5ad,190,2026-06-18T05:22:35.660Z,"{""id"": ""SocketKey_21295_id4cvu""}",,,ae40fd5a-cd09-41c7-b2db-aa7a7f267f91,7acab85b-c021-4a36-8167-8711f1bc3860,Mother's Contact Number,null,
rowqf1853csm,191,2026-06-18T05:22:36.165Z,"{""id"": ""SocketKey_21295_id4cvu""}",,,36f468d6-5207-4d65-ad38-069649c53a09,7acab85b-c021-4a36-8167-8711f1bc3860,Mother's Contact Number,null,
rowsrnqb5vcg,192,2026-06-18T05:22:36.422Z,"{""id"": ""SocketKey_21295_id4cvu""}",,,d927d048-8137-440b-af37-72e8ac4cd5a4,7acab85b-c021-4a36-8167-8711f1bc3860,Mother's Contact Number,null,
rowwj31gue5u,193,2026-06-18T05:22:36.948Z,"{""id"": ""SocketKey_21295_id4cvu""}",,,89aae315-8408-4203-b4d8-336a7a0c713b,7acab85b-c021-4a36-8167-8711f1bc3860,Mother's Contact Number,null,
rowi3yug9ehz,194,2026-06-18T05:22:37.164Z,"{""id"": ""SocketKey_21295_id4cvu""}",,,3ea4c1e1-5ba3-48bb-826c-4af693f801ac,7acab85b-c021-4a36-8167-8711f1bc3860,Mother's Contact Number,null,
row29hkylc2s,195,2026-06-18T05:22:38.955Z,"{""id"": ""SocketKey_21295_id4cvu""}",,,799ab167-5fda-4773-bccf-0996dac96c09,7acab85b-c021-4a36-8167-8711f1bc3860,Mother's Contact Number,null,
row6spur3izj,196,2026-06-18T05:22:39.661Z,"{""id"": ""SocketKey_21295_id4cvu""}",,,4382a171-b2c0-4f05-9dff-99c2abed1429,7acab85b-c021-4a36-8167-8711f1bc3860,Mother's Contact Number,null,
rowliu5io9am,197,2026-06-18T05:22:42.721Z,"{""id"": ""SocketKey_21295_id4cvu""}",,,cb892024-8e76-45bb-9369-d065da3de78c,7acab85b-c021-4a36-8167-8711f1bc3860,Mother's Contact Number,null,
row49jfemtrb,198,2026-06-18T05:22:45.911Z,"{""id"": ""SocketKey_21295_id4cvu""}",,,460b32a2-d2ba-453c-85ac-66e04a52f648,7acab85b-c021-4a36-8167-8711f1bc3860,Mother's Contact Number,null,
row8hy17ugfj,199,2026-06-18T05:22:49.165Z,"{""id"": ""SocketKey_21295_id4cvu""}",,,01aeb9fe-2b1f-4307-bb2e-72cf745b0c1c,7acab85b-c021-4a36-8167-8711f1bc3860,Mother's Contact Number,null,
rownqum6dut0,200,2026-06-18T05:22:51.950Z,"{""id"": ""SocketKey_21295_id4cvu""}",,,3aba318b-ba74-4478-8d37-66e2a7d11fda,7acab85b-c021-4a36-8167-8711f1bc3860,Mother's Contact Number,null,
row6no22gr5z,201,2026-06-18T05:22:54.973Z,"{""id"": ""SocketKey_21295_id4cvu""}",,,4c211c28-b7b0-418e-9bc4-ff5f95b9f360,7acab85b-c021-4a36-8167-8711f1bc3860,Mother's Contact Number,null,
rowz1vv8gdwv,202,2026-06-18T05:22:57.952Z,"{""id"": ""SocketKey_21295_id4cvu""}",,,5d467b61-f71a-4e08-952a-523f74274bcc,7acab85b-c021-4a36-8167-8711f1bc3860,Mother's Contact Number,null,
rownhs84kzc7,203,2026-06-18T05:23:01.165Z,"{""id"": ""SocketKey_21295_id4cvu""}",,,87ca3104-d314-4e28-b0c9-6654ce36fc3a,7acab85b-c021-4a36-8167-8711f1bc3860,Mother's Contact Number,null,
rowy6fzj1lre,204,2026-06-18T05:23:04.969Z,"{""id"": ""SocketKey_21295_id4cvu""}",,,5d6f56ff-986d-4023-9292-63e9eeb2ccce,7acab85b-c021-4a36-8167-8711f1bc3860,Mother's Contact Number,null,
row9twgyfogd,205,2026-06-18T05:23:06.955Z,"{""id"": ""SocketKey_21295_id4cvu""}",,,6ddf7127-d01f-4471-9709-b90860fd1716,7acab85b-c021-4a36-8167-8711f1bc3860,Mother's Contact Number,null,
rowdq0bg6at5,206,2026-06-18T05:23:10.214Z,"{""id"": ""SocketKey_21295_id4cvu""}",,,d9741b12-7d4c-4646-b9c7-d544dcaf77ff,7acab85b-c021-4a36-8167-8711f1bc3860,Mother's Contact Number,null,
row2ga0v79k4,207,2026-06-18T05:23:12.945Z,"{""id"": ""SocketKey_21295_id4cvu""}",,,bc422776-1493-4e42-a5ff-48c942184783,7acab85b-c021-4a36-8167-8711f1bc3860,Mother's Contact Number,null,
rowuebsi9rb4,208,2026-06-18T05:23:15.943Z,"{""id"": ""SocketKey_21295_id4cvu""}",,,58f1b0ee-0f19-4974-878e-2b688326d775,7acab85b-c021-4a36-8167-8711f1bc3860,Mother's Contact Number,null,
row8s5bxtsgg,209,2026-06-18T05:23:19.411Z,"{""id"": ""SocketKey_21295_id4cvu""}",,,61ebd9bb-8be4-4b43-af98-52292d8c6102,7acab85b-c021-4a36-8167-8711f1bc3860,Mother's Contact Number,null,
rowiftk0rbnc,210,2026-06-18T05:23:22.210Z,"{""id"": ""SocketKey_21295_id4cvu""}",,,df463b26-518f-435c-bb93-48ad82ec8aab,7acab85b-c021-4a36-8167-8711f1bc3860,Mother's Contact Number,null,
rowruqktwbf6,211,2026-06-18T05:23:25.412Z,"{""id"": ""SocketKey_21295_id4cvu""}",,,b82c4917-7019-4661-a2cb-d3e5f5468c88,7acab85b-c021-4a36-8167-8711f1bc3860,Mother's Contact Number,null,
row49aqa5c8f,212,2026-06-18T05:23:27.973Z,"{""id"": ""SocketKey_21295_id4cvu""}",,,3dcca89f-f86a-450f-a508-232ba693c4ab,7acab85b-c021-4a36-8167-8711f1bc3860,Mother's Contact Number,null,
rowsqelfw8ag,213,2026-06-18T05:23:31.012Z,"{""id"": ""SocketKey_21295_id4cvu""}",,,b32df0b0-1cf1-4e98-8446-e74820cea3cc,7acab85b-c021-4a36-8167-8711f1bc3860,Mother's Contact Number,null,
rowrg88fona2,214,2026-06-18T05:23:34.663Z,"{""id"": ""SocketKey_21295_id4cvu""}",,,2bd98099-6907-4835-bb77-e5389acfd08f,7acab85b-c021-4a36-8167-8711f1bc3860,Mother's Contact Number,null,
rowe52wtg4eq,215,2026-06-18T05:23:37.262Z,"{""id"": ""SocketKey_21295_id4cvu""}",,,fd3428aa-f78b-484b-8552-1eb703ad77c6,7acab85b-c021-4a36-8167-8711f1bc3860,Mother's Contact Number,null,
rowy3ergukhm,216,2026-06-18T05:23:39.947Z,"{""id"": ""SocketKey_21295_id4cvu""}",,,3769c1d2-b240-4dc0-ae2b-8cce7a30bebe,7acab85b-c021-4a36-8167-8711f1bc3860,Mother's Contact Number,null,
rowj91taecqx,217,2026-06-18T05:23:43.255Z,"{""id"": ""SocketKey_21295_id4cvu""}",,,3b251f41-b240-4cf9-8758-259ae4ce11c7,7acab85b-c021-4a36-8167-8711f1bc3860,Mother's Contact Number,null,
rowpquaxp07m,218,2026-06-18T05:23:46.416Z,"{""id"": ""SocketKey_21295_id4cvu""}",,,8dd3b595-b1eb-483f-afae-e5dc13e50e2b,7acab85b-c021-4a36-8167-8711f1bc3860,Mother's Contact Number,null,
rowdg91viz38,219,2026-06-18T05:23:49.699Z,"{""id"": ""SocketKey_21295_id4cvu""}",,,17e9b0b3-4a2c-48e3-8822-e49873a44a3c,7acab85b-c021-4a36-8167-8711f1bc3860,Mother's Contact Number,null,
rowr1idwrj24,220,2026-06-18T05:23:52.661Z,"{""id"": ""SocketKey_21295_id4cvu""}",,,74a60997-73bf-405f-9164-878c46c0dfbd,7acab85b-c021-4a36-8167-8711f1bc3860,Mother's Contact Number,null,
rowjvfwk3rbc,221,2026-06-18T05:23:55.261Z,"{""id"": ""SocketKey_21295_id4cvu""}",,,fe8a4643-76ef-42ed-8b49-42a540e7ee77,7acab85b-c021-4a36-8167-8711f1bc3860,Mother's Contact Number,null,
rown8oan4v4e,222,2026-06-18T05:23:58.685Z,"{""id"": ""SocketKey_21295_id4cvu""}",,,21466850-31b7-4074-90f2-e0ec8f6bcb2d,7acab85b-c021-4a36-8167-8711f1bc3860,Mother's Contact Number,null,
rowm5ru9ix8z,223,2026-06-18T05:24:01.192Z,"{""id"": ""SocketKey_21295_id4cvu""}",,,59fb17ba-1a9b-43fd-a0fb-c9d2d57e2642,7acab85b-c021-4a36-8167-8711f1bc3860,Mother's Contact Number,null,
rowh9kebo23t,224,2026-06-18T05:24:04.920Z,"{""id"": ""SocketKey_21295_id4cvu""}",,,b76fca43-9ca0-4791-940d-35a78ef3d5ba,7acab85b-c021-4a36-8167-8711f1bc3860,Mother's Contact Number,null,
row9ph4r372x,225,2026-06-18T05:24:07.693Z,"{""id"": ""SocketKey_21295_id4cvu""}",,,b506c1f9-1538-412d-b0fb-04d7a1135b44,7acab85b-c021-4a36-8167-8711f1bc3860,Mother's Contact Number,null,
rowjajj1040i,226,2026-06-18T05:24:10.916Z,"{""id"": ""SocketKey_21295_id4cvu""}",,,9766cc07-2ac9-4b84-95af-2c88895de4d4,7acab85b-c021-4a36-8167-8711f1bc3860,Mother's Contact Number,null,
rowmsffihdqv,227,2026-06-18T05:24:13.671Z,"{""id"": ""SocketKey_21295_id4cvu""}",,,6ff091e3-a5cb-4372-8207-83cc0fdc1be3,7acab85b-c021-4a36-8167-8711f1bc3860,Mother's Contact Number,null,
rowsjxdjt2rc,228,2026-06-18T05:24:16.922Z,"{""id"": ""SocketKey_21295_id4cvu""}",,,07473dd8-2cc6-4b0d-bdb3-0fddb6c76926,7acab85b-c021-4a36-8167-8711f1bc3860,Mother's Contact Number,null,
row4cbpra6cp,229,2026-06-18T05:24:21.428Z,"{""id"": ""SocketKey_21295_id4cvu""}",,,f4488f9b-d950-4615-998a-7469bea232be,7acab85b-c021-4a36-8167-8711f1bc3860,Mother's Contact Number,null,
row1dmepu4o8,230,2026-06-18T05:24:22.911Z,"{""id"": ""SocketKey_21295_id4cvu""}",,,1e979721-143b-4b85-9987-0fb9fcb80d38,7acab85b-c021-4a36-8167-8711f1bc3860,Mother's Contact Number,null,
rowfxfc3g6i3,231,2026-06-18T05:24:25.911Z,"{""id"": ""SocketKey_21295_id4cvu""}",,,f9f1c66d-c0f5-4a7b-bf07-7d8250aa8fbd,7acab85b-c021-4a36-8167-8711f1bc3860,Mother's Contact Number,null,
rowo1g2f2gaw,232,2026-06-18T05:24:29.171Z,"{""id"": ""SocketKey_21295_id4cvu""}",,,912340fb-7010-497a-8899-0adfd83eee82,7acab85b-c021-4a36-8167-8711f1bc3860,Mother's Contact Number,null,
rowyxn0kpojy,233,2026-06-18T05:24:31.956Z,"{""id"": ""SocketKey_21295_id4cvu""}",,,20762b5b-cf59-410b-946b-206cd3116f52,7acab85b-c021-4a36-8167-8711f1bc3860,Mother's Contact Number,null,
row6uv28t21t,234,2026-06-18T05:24:35.171Z,"{""id"": ""SocketKey_21295_id4cvu""}",,,a7ea0969-f39a-48ce-ab07-db537c5309e7,7acab85b-c021-4a36-8167-8711f1bc3860,Mother's Contact Number,null,
row7xgu42dhp,235,2026-06-18T05:24:37.944Z,"{""id"": ""SocketKey_21295_id4cvu""}",,,4ee8e198-86f4-4b5c-a9ad-f7439f7f504b,7acab85b-c021-4a36-8167-8711f1bc3860,Mother's Contact Number,null,
row9ixx84yaw,236,2026-06-18T05:24:41.165Z,"{""id"": ""SocketKey_21295_id4cvu""}",,,cc874578-97a2-4df0-b9ef-b983eeb2fe05,7acab85b-c021-4a36-8167-8711f1bc3860,Mother's Contact Number,null,
rowc724n3qyg,237,2026-06-18T05:24:44.417Z,"{""id"": ""SocketKey_21295_id4cvu""}",,,47725285-bd58-412b-88a5-58a6c7fba906,7acab85b-c021-4a36-8167-8711f1bc3860,Mother's Contact Number,null,
rowsw0u58k9a,238,2026-06-18T05:24:46.917Z,"{""id"": ""SocketKey_21295_id4cvu""}",,,fcc767f2-7eee-4b12-bbf3-d936c6959f28,7acab85b-c021-4a36-8167-8711f1bc3860,Mother's Contact Number,null,
rowkw5n689vg,239,2026-06-18T05:24:49.984Z,"{""id"": ""SocketKey_21295_id4cvu""}",,,bf09597d-da1d-4b78-be3e-392a6b60917b,7acab85b-c021-4a36-8167-8711f1bc3860,Mother's Contact Number,null,
rowk5xmrdivn,240,2026-06-18T05:24:52.946Z,"{""id"": ""SocketKey_21295_id4cvu""}",,,747200bc-88d7-44bd-9916-2a629878e508,7acab85b-c021-4a36-8167-8711f1bc3860,Mother's Contact Number,null,
rowmam2m1f7n,241,2026-06-18T05:24:55.969Z,"{""id"": ""SocketKey_21295_id4cvu""}",,,6db7c8db-bb42-4f3c-a957-8a77b4829ebb,7acab85b-c021-4a36-8167-8711f1bc3860,Mother's Contact Number,null,
rowdoosk8m3b,242,2026-06-18T05:24:59.225Z,"{""id"": ""SocketKey_21295_id4cvu""}",,,b28e17e1-ed33-4b2e-809f-4afe025051a3,7acab85b-c021-4a36-8167-8711f1bc3860,Mother's Contact Number,null,
rowrd9mfcntf,243,2026-06-18T05:25:02.203Z,"{""id"": ""SocketKey_21295_id4cvu""}",,,6fe62f23-6ede-4844-9d84-732fddc4734c,7acab85b-c021-4a36-8167-8711f1bc3860,Mother's Contact Number,null,
row9t96qmvme,244,2026-06-18T05:26:43.209Z,"{""id"": ""SocketKey_21295_id4cvu""}",,,8232b6b6-7191-46cb-b8d0-ea167bd1198f,7acab85b-c021-4a36-8167-8711f1bc3860,Mother's Contact Number,null,
roweet4iq6z0,245,2026-06-18T05:26:43.955Z,"{""id"": ""SocketKey_21295_id4cvu""}",,,61f92803-2ebe-4ab4-9030-2c029deac8b7,7acab85b-c021-4a36-8167-8711f1bc3860,Mother's Contact Number,null,
rowe45ano8x4,246,2026-06-18T05:26:44.412Z,"{""id"": ""SocketKey_21295_id4cvu""}",,,d693bae3-78cf-4cad-b720-c050f7d1e7fd,7acab85b-c021-4a36-8167-8711f1bc3860,Mother's Contact Number,null,
rowi53r01cdi,247,2026-06-18T05:26:44.850Z,"{""id"": ""SocketKey_21295_id4cvu""}",,,941b7adb-d80b-4444-bc1e-3c52da0b96fa,7acab85b-c021-4a36-8167-8711f1bc3860,Mother's Contact Number,null,
row0kb35n5ll,248,2026-06-18T05:26:45.235Z,"{""id"": ""SocketKey_21295_id4cvu""}",,,c478035e-5e3d-46b3-80ba-2964b05fa196,7acab85b-c021-4a36-8167-8711f1bc3860,Mother's Contact Number,null,
rowo53xu1lg7,249,2026-06-18T05:26:45.914Z,"{""id"": ""SocketKey_21295_id4cvu""}",,,bb7d5a80-234f-4e9e-8051-ec576bed86b8,7acab85b-c021-4a36-8167-8711f1bc3860,Mother's Contact Number,null,
rowf22uphx7p,250,2026-06-18T05:26:46.453Z,"{""id"": ""SocketKey_21295_id4cvu""}",,,5180303b-f44f-40f5-b32d-d9b5856ec70c,7acab85b-c021-4a36-8167-8711f1bc3860,Mother's Contact Number,null,
row4a13p2g76,251,2026-06-18T05:26:46.674Z,"{""id"": ""SocketKey_21295_id4cvu""}",,,cdf9da89-0d78-4908-abf7-b46bb646db91,7acab85b-c021-4a36-8167-8711f1bc3860,Mother's Contact Number,+91- 7869079116 (Sugra),
rowqidea7sjx,252,2026-06-18T05:26:46.911Z,"{""id"": ""SocketKey_21295_id4cvu""}",,,ca162d6b-0c49-4841-b07b-b7605026b1a2,7acab85b-c021-4a36-8167-8711f1bc3860,Mother's Contact Number,null,
rowea1hy4qc6,253,2026-06-18T05:26:47.169Z,"{""id"": ""SocketKey_21295_id4cvu""}",,,790f5c54-ca5e-42e1-b87d-26fc0a94ef14,7acab85b-c021-4a36-8167-8711f1bc3860,Mother's Contact Number,null,
rowv6t9bo57z,254,2026-06-18T05:26:48.210Z,"{""id"": ""SocketKey_21295_id4cvu""}",,,79355861-6d2b-42ce-9f7a-640f0ede1645,7acab85b-c021-4a36-8167-8711f1bc3860,Mother's Contact Number,+91- 6263286406 (Pramila Rathore),
row27483al3l,255,2026-06-18T05:26:48.663Z,"{""id"": ""SocketKey_21295_id4cvu""}",,,4bd00ea3-434c-4489-9670-4fd4268c9b41,7acab85b-c021-4a36-8167-8711f1bc3860,Mother's Contact Number,+91- 9993222298 (Sarita Dabi),
row1yd5zmh7b,256,2026-06-18T05:26:49.294Z,"{""id"": ""SocketKey_21295_id4cvu""}",,,86daf0e9-1f41-4cbc-a97e-781dc4dc561a,7acab85b-c021-4a36-8167-8711f1bc3860,Mother's Contact Number,null,
rowxl9r1toud,257,2026-06-18T05:26:49.451Z,"{""id"": ""SocketKey_21295_id4cvu""}",,,35ec01ff-5abb-47f0-8e2d-2697bc03165d,7acab85b-c021-4a36-8167-8711f1bc3860,Mother's Contact Number,null,
rowujvoqtmo1,258,2026-06-18T05:26:49.674Z,"{""id"": ""SocketKey_21295_id4cvu""}",,,cb67f82a-30f8-41bb-ad8a-25c0c8028afc,7acab85b-c021-4a36-8167-8711f1bc3860,Mother's Contact Number,+91- 8962434020 (Mamta Yadav),
rowfczbb0268,259,2026-06-18T05:26:49.995Z,"{""id"": ""SocketKey_21295_id4cvu""}",,,4fa4f502-0776-463e-85e4-366b417e061c,7acab85b-c021-4a36-8167-8711f1bc3860,Mother's Contact Number,null,
row07hox6k8g,260,2026-06-18T05:26:50.547Z,"{""id"": ""SocketKey_21295_id4cvu""}",,,d3ae5fc8-1720-4a90-b975-c5565ea260cc,7acab85b-c021-4a36-8167-8711f1bc3860,Mother's Contact Number,null,
rowb8zpawezv,261,2026-06-18T05:26:50.749Z,"{""id"": ""SocketKey_21295_id4cvu""}",,,beb333b6-1c24-4ea0-abdd-be219636d150,7acab85b-c021-4a36-8167-8711f1bc3860,Mother's Contact Number,null,
rowcva9qempx,262,2026-06-18T05:26:51.183Z,"{""id"": ""SocketKey_21295_id4cvu""}",,,38dac0d2-42b6-4c51-b22a-64d66166d557,7acab85b-c021-4a36-8167-8711f1bc3860,Mother's Contact Number,null,
row6bbfndfhz,263,2026-06-18T05:26:51.253Z,"{""id"": ""SocketKey_21295_id4cvu""}",,,7fbeef04-0cae-4d21-bf22-1fd6e3cbeb71,7acab85b-c021-4a36-8167-8711f1bc3860,Mother's Contact Number,null,
rowc3uw2z2qb,264,2026-06-18T05:26:52.164Z,"{""id"": ""SocketKey_21295_id4cvu""}",,,a69f29bb-0a28-459c-b62e-59835d0bbceb,7acab85b-c021-4a36-8167-8711f1bc3860,Mother's Contact Number,null,
rowxxmw40qlo,265,2026-06-18T05:26:52.180Z,"{""id"": ""SocketKey_21295_id4cvu""}",,,6b017b0d-5217-47a6-9534-8f86f4842816,7acab85b-c021-4a36-8167-8711f1bc3860,Mother's Contact Number,null,
row7vznhkgl5,266,2026-06-18T05:26:52.259Z,"{""id"": ""SocketKey_21295_id4cvu""}",,,aebf0714-dc00-475f-b250-a73805b58a8a,7acab85b-c021-4a36-8167-8711f1bc3860,Mother's Contact Number,null,
rowqs6zqpc6i,267,2026-06-18T05:26:52.695Z,"{""id"": ""SocketKey_21295_id4cvu""}",,,138b0bdf-8b25-4a36-b3e4-8a72528c59fd,7acab85b-c021-4a36-8167-8711f1bc3860,Mother's Contact Number,null,
rowa29rewk0t,268,2026-06-18T05:26:53.186Z,"{""id"": ""SocketKey_21295_id4cvu""}",,,79573676-d585-4cfb-a191-32a4d950d7f9,7acab85b-c021-4a36-8167-8711f1bc3860,Mother's Contact Number,null,
rowwdxgujlti,269,2026-06-18T05:26:53.256Z,"{""id"": ""SocketKey_21295_id4cvu""}",,,4d3eb37a-0339-4976-b028-6d9a9479e8ea,7acab85b-c021-4a36-8167-8711f1bc3860,Mother's Contact Number,null,
row731vlfw5b,270,2026-06-18T05:26:53.667Z,"{""id"": ""SocketKey_21295_id4cvu""}",,,673a7e71-f152-46b9-bbf4-bef4482633a8,7acab85b-c021-4a36-8167-8711f1bc3860,Mother's Contact Number,null,
row18t1jc6r7,271,2026-06-18T05:26:53.669Z,"{""id"": ""SocketKey_21295_id4cvu""}",,,558e92c3-92fd-447a-9743-3933df656f05,7acab85b-c021-4a36-8167-8711f1bc3860,Mother's Contact Number,null,
rowxi52ychbb,272,2026-06-18T05:26:53.692Z,"{""id"": ""SocketKey_21295_id4cvu""}",,,4bb3a33f-6f0d-474a-b3ba-d62f607c8e42,7acab85b-c021-4a36-8167-8711f1bc3860,Mother's Contact Number,null,
roww2g1ydngp,273,2026-06-18T05:26:53.917Z,"{""id"": ""SocketKey_21295_id4cvu""}",,,987b3e8d-00fd-4476-a9e5-9e6434b4b34c,7acab85b-c021-4a36-8167-8711f1bc3860,Mother's Contact Number,null,
rowxiag9s65u,274,2026-06-18T05:26:54.163Z,"{""id"": ""SocketKey_21295_id4cvu""}",,,a92dd988-0adb-4c61-bd34-d3f08d149148,7acab85b-c021-4a36-8167-8711f1bc3860,Mother's Contact Number,null,
rowxrflbczgw,275,2026-06-18T05:26:54.695Z,"{""id"": ""SocketKey_21295_id4cvu""}",,,4b32da3f-b5d5-4c1b-bd44-a9b014cda8e1,7acab85b-c021-4a36-8167-8711f1bc3860,Mother's Contact Number,null,
rownq25cg1dr,276,2026-06-18T05:26:54.954Z,"{""id"": ""SocketKey_21295_id4cvu""}",,,bf83aa07-e76f-4df6-bcd5-ee428eb811f6,7acab85b-c021-4a36-8167-8711f1bc3860,Mother's Contact Number,null,
rowi8e3eoga8,277,2026-06-18T05:26:54.965Z,"{""id"": ""SocketKey_21295_id4cvu""}",,,74745174-19a7-4f83-bdae-5ead553a9ca5,7acab85b-c021-4a36-8167-8711f1bc3860,Mother's Contact Number,null,
rownp7d86i44,278,2026-06-18T05:26:55.172Z,"{""id"": ""SocketKey_21295_id4cvu""}",,,a1c4a43b-8e81-4195-805f-517fcff4ab68,7acab85b-c021-4a36-8167-8711f1bc3860,Mother's Contact Number,null,
rowdua3q1pnh,279,2026-06-18T05:26:56.203Z,"{""id"": ""SocketKey_21295_id4cvu""}",,,6452be88-5926-4952-976d-589e1971e971,7acab85b-c021-4a36-8167-8711f1bc3860,Mother's Contact Number,null,
rowslw1oi9ya,280,2026-06-18T05:26:56.412Z,"{""id"": ""SocketKey_21295_id4cvu""}",,,a7bbf2a0-ae35-4d43-99c8-84e0b21402b3,7acab85b-c021-4a36-8167-8711f1bc3860,Mother's Contact Number,null,
rowjsydjxy57,281,2026-06-18T05:26:57.711Z,"{""id"": ""SocketKey_21295_id4cvu""}",,,b1d99645-8442-403d-b60c-d41f26eac92e,7acab85b-c021-4a36-8167-8711f1bc3860,Mother's Contact Number,null,
row6fp6qpj7i,282,2026-06-18T05:27:00.917Z,"{""id"": ""SocketKey_21295_id4cvu""}",,,ccdd43ee-c50c-4479-a2ec-d1fe1779b023,7acab85b-c021-4a36-8167-8711f1bc3860,Mother's Contact Number,null,
rowgbkyf51dq,283,2026-06-18T05:27:03.674Z,"{""id"": ""SocketKey_21295_id4cvu""}",,,03d2bb1f-f363-4c8b-8cf5-809473027760,7acab85b-c021-4a36-8167-8711f1bc3860,Mother's Contact Number,null,
rowmvyfndfre,284,2026-06-18T05:27:06.662Z,"{""id"": ""SocketKey_21295_id4cvu""}",,,eb75f9df-8671-4deb-acb8-19cc39e5c636,7acab85b-c021-4a36-8167-8711f1bc3860,Mother's Contact Number,null,
rowk214unswd,285,2026-06-18T05:27:09.445Z,"{""id"": ""SocketKey_21295_id4cvu""}",,,f781f468-e0d0-45eb-806d-28abd15b7662,7acab85b-c021-4a36-8167-8711f1bc3860,Mother's Contact Number,null,
rowaou1fzc5w,286,2026-06-18T05:27:12.663Z,"{""id"": ""SocketKey_21295_id4cvu""}",,,b03a3efa-bcb0-4dda-bede-a567b0832938,7acab85b-c021-4a36-8167-8711f1bc3860,Mother's Contact Number,null,
rowtunvk7fef,287,2026-06-18T05:27:15.948Z,"{""id"": ""SocketKey_21295_id4cvu""}",,,b8d6928d-d919-4c7d-ad8e-d5d58918fb1c,7acab85b-c021-4a36-8167-8711f1bc3860,Mother's Contact Number,null,
rowktq0yjqjz,288,2026-06-18T05:27:18.417Z,"{""id"": ""SocketKey_21295_id4cvu""}",,,50ed521f-70b2-4226-802e-8272da0df301,7acab85b-c021-4a36-8167-8711f1bc3860,Mother's Contact Number,null,
row8dyq7q5l0,289,2026-06-18T05:27:21.746Z,"{""id"": ""SocketKey_21295_id4cvu""}",,,f1ab4e5e-a146-411e-bbb6-8bc485395d54,7acab85b-c021-4a36-8167-8711f1bc3860,Mother's Contact Number,null,
rowjp5ldpe2t,290,2026-06-18T05:27:24.753Z,"{""id"": ""SocketKey_21295_id4cvu""}",,,326a1ee3-4e09-4696-9d02-8cf19ddcec4c,7acab85b-c021-4a36-8167-8711f1bc3860,Mother's Contact Number,null,
rowrs3hjyz2n,291,2026-06-18T05:27:27.664Z,"{""id"": ""SocketKey_21295_id4cvu""}",,,fd35c77b-a018-44d4-96e3-2cb302a05b4e,7acab85b-c021-4a36-8167-8711f1bc3860,Mother's Contact Number,+91- 8959569341 (Manju Tomar),
